"File","3_prime_UTR_variant","5_prime_UTR_premature_start_codon_gain_variant","5_prime_UTR_variant","bidirectional_gene_fusion","conservative_inframe_deletion","conservative_inframe_insertion","disruptive_inframe_deletion","disruptive_inframe_deletion&splice_region_variant","disruptive_inframe_insertion","frameshift_variant","frameshift_variant&splice_acceptor_variant&splice_region_variant&intron_variant","frameshift_variant&splice_donor_variant&splice_region_variant&intron_variant","frameshift_variant&splice_region_variant","frameshift_variant&start_lost","frameshift_variant&stop_gained","frameshift_variant&stop_lost","frameshift_variant&stop_lost&splice_region_variant","initiator_codon_variant","initiator_codon_variant&non_canonical_start_codon","intragenic_variant","intron_variant","missense_variant","missense_variant&splice_region_variant","non_coding_transcript_variant","splice_acceptor_variant&5_prime_UTR_variant&intron_variant","splice_acceptor_variant&intron_variant","splice_acceptor_variant&splice_region_variant&intron_variant","splice_donor_variant&intron_variant","splice_donor_variant&splice_region_variant&intron_variant","splice_region_variant","splice_region_variant&intron_variant","splice_region_variant&stop_retained_variant","splice_region_variant&synonymous_variant","start_lost","start_lost&conservative_inframe_deletion","start_lost&conservative_inframe_insertion","stop_gained","stop_gained&conservative_inframe_insertion","stop_gained&disruptive_inframe_deletion","stop_gained&disruptive_inframe_insertion","stop_gained&splice_region_variant","stop_lost","stop_lost&conservative_inframe_deletion","stop_lost&splice_region_variant","stop_retained_variant","synonymous_variant","upstream_gene_variant"
"Carbon_storage.csv",230,32,158,1,2,2,10,0,0,10,0,0,0,0,0,0,0,0,0,76,879,179,1,0,0,0,0,0,0,1,19,0,2,0,0,0,2,0,0,0,0,0,0,0,0,188,708
"CHELSA_BIO1.csv",210,17,107,0,0,0,4,0,0,14,0,0,1,0,0,0,0,0,0,137,820,51,1,0,0,0,0,1,0,5,22,0,3,0,0,0,2,0,0,0,0,0,0,0,0,235,870
"CHELSA_BIO10.csv",242,18,84,0,1,0,1,0,0,7,2,0,0,0,0,0,0,0,0,88,940,132,1,0,0,0,0,0,0,5,15,1,3,0,0,0,3,0,0,0,0,1,0,0,0,236,720
"CHELSA_BIO11.csv",214,10,89,0,0,0,3,0,0,10,0,0,1,0,0,0,0,0,0,102,881,31,2,0,0,0,0,1,0,4,22,0,1,0,0,0,2,0,0,0,0,0,0,0,0,212,915
"CHELSA_BIO12.csv",210,30,161,0,1,2,5,0,2,10,0,0,0,0,0,0,0,0,0,65,809,157,1,0,0,3,0,0,0,4,18,0,2,0,0,0,4,0,0,2,1,0,0,0,0,217,796
"CHELSA_BIO13.csv",165,13,97,0,2,2,4,0,3,7,0,0,0,1,0,0,0,0,0,106,733,114,1,0,0,0,0,0,0,0,22,0,3,0,0,0,3,0,0,2,1,0,0,0,1,342,878
"CHELSA_BIO14.csv",145,35,168,0,2,2,2,0,1,6,0,0,0,0,0,0,0,0,0,133,951,136,2,0,0,1,0,0,0,0,19,0,1,0,0,0,1,0,0,0,0,0,0,0,0,153,742
"CHELSA_BIO15.csv",369,29,185,0,2,2,4,0,2,2,0,0,1,0,0,0,0,0,0,73,655,165,1,0,0,1,0,0,0,3,27,0,3,0,0,0,1,0,0,0,0,1,0,0,0,404,570
"CHELSA_BIO16.csv",162,15,106,0,2,2,6,0,4,6,0,0,0,1,0,2,0,0,0,102,727,138,1,0,0,0,0,0,0,2,21,0,5,0,0,0,3,0,0,2,1,0,0,0,0,337,855
"CHELSA_BIO17.csv",153,32,171,0,2,2,3,0,1,5,0,0,0,0,0,0,0,0,0,133,927,145,2,0,0,1,0,0,0,0,18,0,2,0,0,0,1,0,0,0,0,0,0,0,0,170,732
"CHELSA_BIO18.csv",222,32,142,0,0,0,0,0,0,3,0,0,0,0,0,0,0,0,0,133,960,92,0,0,0,1,0,0,0,2,10,0,0,0,0,0,1,0,0,0,0,1,0,0,1,307,593
"CHELSA_BIO19.csv",197,22,159,0,1,4,4,0,6,11,0,0,0,0,0,0,0,0,0,90,785,172,2,0,0,1,0,1,0,8,13,0,2,0,0,0,3,0,0,0,0,0,0,0,0,233,786
"CHELSA_BIO2.csv",250,16,107,0,3,1,4,0,3,12,0,0,0,0,0,0,0,0,2,78,760,121,4,0,0,1,0,1,0,5,22,0,0,0,0,0,0,0,0,0,0,0,0,0,0,245,865
"CHELSA_BIO3.csv",163,25,138,0,0,5,2,0,1,4,0,0,0,0,0,0,0,0,0,133,916,115,0,0,0,0,0,0,0,4,24,0,4,0,0,0,1,0,0,0,0,0,0,0,1,212,752
"CHELSA_BIO4.csv",226,11,94,0,1,0,3,0,0,6,0,0,0,0,0,0,0,0,0,73,824,55,2,0,0,0,0,1,0,1,20,0,1,0,0,0,0,0,0,0,0,0,0,0,0,238,944
"CHELSA_BIO5.csv",249,27,103,0,1,0,1,0,0,10,2,0,0,0,0,0,0,0,0,92,912,137,2,0,0,2,0,2,0,7,12,1,2,0,0,0,6,0,0,0,0,1,0,0,0,212,719
"CHELSA_BIO6.csv",230,12,102,0,0,0,3,0,0,16,0,0,0,0,0,0,0,0,0,105,843,31,2,0,0,0,0,1,0,4,23,0,3,0,0,0,2,0,0,0,0,0,0,0,0,229,894
"CHELSA_BIO7.csv",237,14,85,0,1,0,3,0,0,8,0,0,0,0,0,0,0,0,0,53,820,59,2,0,0,0,0,0,0,2,24,0,3,0,0,0,0,0,0,0,0,0,0,0,0,281,908
"CHELSA_BIO8.csv",216,16,115,0,1,0,2,0,0,8,2,0,0,0,0,0,0,0,0,90,940,167,1,0,0,2,0,0,0,5,11,1,2,0,0,0,3,0,0,0,0,1,0,0,0,258,659
"CHELSA_BIO9.csv",219,14,92,0,0,2,3,0,0,8,0,0,0,0,0,0,0,0,0,78,857,44,2,0,0,0,0,1,0,3,22,0,1,0,0,0,2,0,0,0,0,0,0,0,0,226,926
"CHELSA_Interann_pre.csv",179,23,119,0,1,4,6,0,1,7,0,0,0,0,0,0,0,0,0,112,779,171,1,0,0,2,0,1,0,3,12,0,1,0,0,0,1,0,0,0,0,0,0,0,0,282,795
"CHELSA_Interann_temp.csv",204,21,131,0,7,1,7,0,2,4,0,0,0,0,0,0,0,0,2,98,887,123,1,0,0,2,0,1,0,4,19,0,6,1,4,0,2,0,0,0,0,1,0,0,0,248,724
"CHELSA_Pre_spring.csv",141,11,60,0,2,2,3,0,3,8,0,0,0,0,0,0,0,0,0,66,986,183,3,0,0,3,0,0,0,2,16,0,2,0,0,0,5,0,0,2,1,0,0,0,0,252,749
"CHELSA_Pre_summer.csv",202,14,106,0,2,0,3,0,3,7,0,0,0,1,0,2,0,0,0,126,834,115,2,0,0,1,0,1,0,4,15,0,1,0,0,0,2,0,0,0,0,0,0,0,1,309,749
"CHELSA_Tmax_spring.csv",209,16,92,0,0,0,2,0,0,9,0,0,1,0,0,1,0,0,0,168,843,62,0,0,0,2,0,1,0,4,9,0,5,0,0,0,2,0,0,0,0,1,0,0,0,278,795
"CHELSA_Tmax_summer.csv",209,17,105,0,1,0,1,0,0,7,0,0,0,0,0,0,0,0,0,120,966,155,0,0,0,2,0,0,0,5,13,1,2,0,0,0,4,0,0,0,0,1,0,0,0,226,665
"CHELSA_Tmean_spring.csv",209,15,98,0,0,0,3,0,0,15,0,0,1,0,0,0,0,0,0,123,838,38,1,0,0,0,0,1,0,6,13,0,4,0,0,0,2,0,0,0,0,0,0,0,0,269,864
"CHELSA_Tmean_summer.csv",214,18,111,0,1,0,1,0,0,12,2,0,0,0,0,0,0,0,0,91,967,171,1,0,0,2,0,0,0,5,11,1,2,0,0,0,3,0,0,0,0,1,0,0,0,246,640
"CHELSA_Tmin_spring.csv",217,12,102,0,0,0,3,0,0,14,0,0,0,0,0,0,0,0,0,116,851,34,2,0,0,0,0,1,0,5,23,0,5,0,0,0,2,0,0,0,0,0,0,0,0,231,882
"CHELSA_Tmin_summer.csv",223,18,96,0,1,0,2,0,0,16,2,0,0,0,0,0,0,0,0,94,955,125,1,0,0,0,0,0,0,5,13,1,2,0,0,0,3,0,0,0,0,1,0,0,0,238,704
"CMCC_BIOCLIM_BIO1.csv",202,11,100,0,0,3,3,0,0,17,0,0,1,0,0,0,0,0,0,96,896,40,1,0,0,0,0,1,0,4,21,0,0,0,0,0,2,0,0,0,0,0,0,0,0,225,877
"CMCC_BIOCLIM_BIO10.csv",146,35,173,0,1,0,1,0,0,12,2,0,0,0,0,0,0,0,0,174,995,207,2,0,0,2,0,0,0,6,13,0,2,0,0,0,4,0,0,0,0,1,0,0,0,299,425
"CMCC_BIOCLIM_BIO11.csv",215,10,85,0,0,2,3,0,0,9,0,0,1,0,0,0,0,0,0,68,892,42,2,0,0,0,0,1,0,4,22,0,0,0,0,0,0,0,0,0,0,0,0,0,0,217,927
"CMCC_BIOCLIM_BIO12.csv",208,30,117,0,1,2,2,0,3,11,0,0,0,0,0,0,0,0,0,83,798,189,0,0,0,5,0,0,0,4,17,1,0,0,0,0,5,0,0,2,1,0,0,0,0,276,745
"CMCC_BIOCLIM_BIO13.csv",238,21,96,0,1,2,6,0,5,7,0,0,0,1,0,0,0,0,0,69,704,165,0,0,0,3,0,0,0,5,11,0,3,0,0,0,6,0,0,0,1,0,0,0,1,378,777
"CMCC_BIOCLIM_BIO14.csv",257,48,264,0,5,0,2,0,1,0,0,0,0,0,0,0,0,0,0,55,849,192,1,0,0,1,0,0,0,1,11,0,1,2,0,0,2,0,0,0,0,0,0,0,0,131,677
"CMCC_BIOCLIM_BIO15.csv",359,27,167,0,5,0,3,0,4,3,0,0,0,0,0,1,0,0,1,58,786,100,0,0,0,1,0,0,0,3,33,0,3,0,4,0,1,0,0,0,0,0,0,0,0,335,606
"CMCC_BIOCLIM_BIO16.csv",234,32,134,0,1,2,4,0,2,7,0,0,0,1,0,2,0,0,0,107,750,147,0,0,0,3,0,0,0,2,13,0,3,0,0,0,7,0,0,2,1,0,0,0,1,311,734
"CMCC_BIOCLIM_BIO17.csv",260,50,263,0,5,0,3,0,0,1,0,0,0,0,0,0,0,0,0,65,872,187,1,0,0,1,0,0,0,1,8,0,1,2,0,0,2,0,0,0,0,0,0,0,0,125,653
"CMCC_BIOCLIM_BIO18.csv",240,38,143,0,0,1,0,0,1,4,0,0,0,0,0,1,0,0,2,102,726,118,0,0,0,3,0,0,0,4,12,0,3,0,0,0,0,0,0,0,0,0,0,0,0,433,669
"CMCC_BIOCLIM_BIO19.csv",222,15,110,0,1,6,5,0,1,5,0,0,1,0,0,1,0,0,0,142,918,182,0,0,0,1,0,0,0,1,12,0,0,2,0,0,6,0,0,0,0,0,0,0,1,174,694
"CMCC_BIOCLIM_BIO2.csv",215,54,303,0,0,0,0,0,2,2,0,0,0,0,0,0,0,0,0,264,306,368,2,0,0,0,0,0,0,11,15,0,0,2,0,0,3,0,0,0,0,0,0,0,1,451,501
"CMCC_BIOCLIM_BIO20.csv",225,38,147,0,3,1,1,0,0,8,0,0,0,0,0,2,0,0,2,162,765,152,0,0,0,0,0,1,0,6,10,0,0,1,0,0,3,0,0,2,0,0,0,0,2,321,648
"CMCC_BIOCLIM_BIO21.csv",214,11,100,0,0,3,3,0,0,13,0,0,1,0,0,0,0,0,0,110,890,39,1,0,0,0,0,1,0,5,20,0,3,0,0,0,2,0,0,0,0,0,0,0,0,238,846
"CMCC_BIOCLIM_BIO22.csv",204,11,97,0,0,3,3,0,0,17,0,0,1,0,0,0,0,0,0,96,892,44,1,0,0,0,0,1,0,4,21,0,0,0,0,0,2,0,0,0,0,0,0,0,0,227,876
"CMCC_BIOCLIM_BIO23.csv",302,25,106,0,6,3,5,0,7,4,0,0,0,1,0,0,0,0,0,110,640,165,0,0,0,2,0,0,0,6,7,0,6,0,0,0,1,0,0,0,0,0,0,0,0,376,728
"CMCC_BIOCLIM_BIO24.csv",206,30,113,0,1,2,2,0,3,11,0,0,0,0,0,0,0,0,0,81,816,189,0,0,0,5,0,0,0,4,17,1,0,0,0,0,5,0,0,2,1,0,0,0,0,276,735
"CMCC_BIOCLIM_BIO25.csv",116,31,140,0,3,2,0,0,4,2,0,0,0,0,0,0,0,0,2,86,1085,87,0,0,0,0,3,2,0,4,21,2,3,0,0,0,2,0,0,0,0,0,0,0,4,336,565
"CMCC_BIOCLIM_BIO26.csv",210,12,106,0,0,3,3,0,0,12,0,0,0,0,0,0,0,0,0,126,907,38,0,0,0,0,0,1,0,7,22,0,3,0,0,0,2,0,0,0,0,0,0,0,0,227,821
"CMCC_BIOCLIM_BIO27.csv",197,14,105,0,2,0,3,0,0,6,0,0,0,0,0,0,0,0,0,43,884,99,2,0,0,2,0,1,0,2,16,0,2,0,0,0,1,0,0,0,0,0,0,0,0,223,898
"CMCC_BIOCLIM_BIO28.csv",164,37,173,0,1,0,1,0,0,9,2,0,0,0,0,0,0,0,0,166,909,204,2,0,0,2,0,0,0,4,18,0,3,0,0,0,5,0,0,0,0,1,0,0,0,326,473
"CMCC_BIOCLIM_BIO29.csv",213,9,84,0,0,2,5,0,0,9,0,0,1,0,0,0,0,0,0,65,889,45,2,0,0,0,0,1,0,4,22,0,0,0,0,0,0,0,0,0,0,0,0,0,0,217,932
"CMCC_BIOCLIM_BIO3.csv",226,18,108,0,0,0,2,0,0,2,0,0,0,0,0,0,0,0,0,76,785,85,0,0,0,0,0,0,0,2,13,0,1,0,0,0,2,0,0,0,0,2,0,0,1,283,894
"CMCC_BIOCLIM_BIO30.csv",200,9,88,0,1,2,5,0,0,14,0,0,1,0,0,0,0,0,0,71,877,44,2,0,0,0,0,1,0,3,22,0,1,0,0,0,0,0,0,0,0,0,0,0,0,229,930
"CMCC_BIOCLIM_BIO31.csv",181,15,87,0,1,0,3,0,0,17,2,0,0,0,0,0,0,0,0,121,1111,113,1,0,0,2,0,0,0,4,14,0,3,0,0,0,3,0,0,0,0,1,0,0,0,265,556
"CMCC_BIOCLIM_BIO32.csv",209,11,100,0,0,2,3,0,0,13,0,0,1,0,0,0,0,0,0,111,887,30,1,0,0,0,0,1,0,7,23,0,4,0,0,0,2,0,0,0,0,0,0,0,2,229,864
"CMCC_BIOCLIM_BIO33.csv",242,28,106,0,1,2,6,0,6,7,0,0,0,1,0,1,0,0,1,75,654,170,0,0,0,3,0,0,0,5,14,0,3,0,0,0,3,0,0,0,0,0,0,0,0,393,779
"CMCC_BIOCLIM_BIO34.csv",241,7,76,0,0,1,2,0,0,11,0,0,0,0,0,0,0,0,0,76,792,39,0,0,0,0,0,1,0,3,19,0,0,0,0,0,0,0,0,0,0,0,0,0,0,294,938
"CMCC_BIOCLIM_BIO35.csv",212,19,120,0,0,3,2,0,0,14,0,0,0,0,0,0,0,0,0,105,883,35,1,0,0,0,0,1,0,10,21,0,4,0,0,0,2,0,0,0,0,0,0,0,0,232,836
"CMCC_BIOCLIM_BIO4.csv",214,16,113,0,2,0,3,0,0,6,0,0,0,0,0,0,0,0,0,51,862,99,2,0,0,2,0,0,0,4,20,0,2,0,0,0,1,0,0,0,0,0,0,0,0,219,884
"CMCC_BIOCLIM_BIO5.csv",208,18,123,0,0,0,0,0,0,12,2,0,0,0,0,0,0,0,0,86,991,137,1,0,0,2,0,0,0,3,7,1,2,0,0,0,2,0,0,0,0,1,0,0,0,287,617
"CMCC_BIOCLIM_BIO6.csv",204,11,86,0,0,2,5,0,0,10,0,0,1,0,0,0,0,0,0,78,869,42,2,0,0,0,0,1,0,4,23,0,1,0,0,0,2,0,0,0,0,0,0,0,0,233,926
"CMCC_BIOCLIM_BIO7.csv",228,16,104,0,2,0,6,0,0,6,0,0,0,0,0,0,0,0,0,43,905,128,4,0,0,1,0,0,0,4,19,0,1,0,0,0,0,0,0,0,0,0,0,0,0,212,821
"CMCC_BIOCLIM_BIO8.csv",185,16,83,0,1,3,3,0,0,17,2,0,0,0,0,0,0,0,0,126,1085,110,1,0,0,2,0,0,0,4,10,0,4,0,0,0,3,0,0,0,0,1,0,0,0,295,549
"CMCC_BIOCLIM_BIO9.csv",206,11,93,0,0,2,5,0,0,13,0,0,1,0,0,0,0,0,0,77,863,42,2,0,0,0,0,1,0,4,22,0,1,0,0,0,0,0,0,0,0,0,0,0,0,225,932
"CO_Spring.csv",191,21,126,0,0,0,0,0,1,6,0,0,0,0,0,0,0,0,0,100,959,117,2,0,0,0,0,2,0,0,11,0,5,2,0,0,3,0,0,0,0,0,0,0,0,239,715
"CO_Summer.csv",163,12,101,0,0,0,1,0,0,3,0,0,0,0,0,0,0,0,0,110,965,63,0,0,0,0,0,1,0,9,16,0,4,0,0,0,4,0,0,0,0,0,0,0,0,248,800
"CRU_Cld_spring.csv",203,26,158,0,1,5,3,0,5,7,0,0,0,0,0,0,0,0,0,55,859,239,4,0,0,0,0,0,0,7,10,1,0,2,0,0,3,0,0,0,0,0,0,0,0,219,693
"CRU_Cld_summer.csv",239,27,151,0,0,2,6,0,3,3,0,0,0,0,0,0,0,0,0,150,681,122,2,0,0,0,0,0,0,5,9,0,3,2,0,0,3,0,0,0,0,0,0,0,0,233,859
"CRU_Dtr_spring.csv",151,22,103,0,2,1,7,0,4,1,0,0,0,0,0,1,0,0,0,109,781,183,3,0,0,0,0,0,0,8,12,1,6,0,0,0,3,0,0,0,0,0,0,0,1,388,713
"CRU_Dtr_summer.csv",245,18,113,0,2,0,3,0,0,4,0,0,0,0,0,0,0,0,0,173,712,130,0,0,0,0,0,0,0,5,7,0,0,0,0,0,2,0,0,0,0,0,0,0,2,310,774
"CRU_Frs_spring.csv",220,7,73,0,1,2,2,0,1,3,0,0,0,0,0,0,0,0,0,81,943,47,2,0,0,0,0,1,0,4,17,0,0,0,0,0,2,0,0,0,0,0,0,0,0,233,861
"CRU_Frs_summer.csv",205,17,153,0,0,10,2,0,0,0,0,0,0,0,0,0,0,0,0,60,783,125,1,0,0,0,0,1,0,3,10,0,2,0,0,0,2,0,0,0,0,0,0,0,0,294,832
"CRU_PET_spring.csv",202,9,85,0,1,1,1,0,2,12,0,0,0,0,0,0,0,0,0,124,912,65,1,0,0,2,0,1,0,7,17,0,3,0,0,0,2,0,0,0,0,1,0,0,0,208,844
"CRU_PET_summer.csv",217,32,175,0,3,1,1,0,2,7,0,0,0,0,0,0,0,0,0,138,701,163,0,0,0,0,0,2,0,3,9,1,2,0,0,0,4,0,0,0,0,0,0,1,1,238,799
"CRU_Pre_spring.csv",181,30,145,0,1,0,1,0,1,5,0,0,0,0,0,4,0,0,0,97,784,166,3,0,0,2,0,3,0,3,17,0,4,0,0,0,2,0,0,0,1,4,0,0,0,221,825
"CRU_Pre_summer.csv",278,19,142,0,5,2,4,0,4,1,0,0,0,1,0,0,0,0,0,55,625,185,2,0,0,0,0,0,0,6,9,0,2,0,0,0,1,0,0,0,0,0,0,0,0,383,776
"CRU_Tmn_spring.csv",200,14,97,0,1,3,5,0,0,13,0,0,0,0,0,0,0,0,0,88,865,44,1,0,0,0,0,1,0,8,24,0,0,0,0,0,2,0,0,0,0,0,0,0,0,231,903
"CRU_Tmp_spring.csv",214,9,100,0,0,3,3,0,0,12,0,0,1,0,0,0,0,0,0,105,878,31,0,0,0,0,0,1,0,3,20,0,0,0,0,0,2,0,0,0,0,0,0,0,0,238,880
"CRU_Tmp_summer.csv",220,33,172,0,2,2,1,0,0,10,2,0,0,0,0,0,0,0,0,215,765,199,1,0,0,1,0,0,0,5,15,0,4,0,0,0,4,0,0,0,0,0,0,0,0,354,495
"CRU_Tmx_spring.csv",218,7,91,0,0,3,3,0,0,10,0,0,1,0,0,0,0,0,0,113,886,38,0,0,0,0,0,1,0,3,20,0,2,0,0,0,2,0,0,0,0,0,0,0,0,246,856
"CRU_Tmx_summer.csv",163,18,117,0,1,2,3,0,0,13,2,0,0,0,0,0,0,0,0,118,1017,141,3,0,0,2,0,0,0,3,12,0,4,0,0,0,4,0,0,0,0,1,0,0,0,319,557
"CRU_Vap_spring.csv",205,11,89,0,0,3,3,0,0,15,0,0,0,0,0,0,0,0,0,89,917,36,0,0,0,0,0,1,0,4,20,0,4,0,0,0,2,0,0,0,0,0,0,0,0,230,871
"CRU_Vap_summer.csv",158,10,72,0,4,6,1,0,0,23,2,0,1,0,0,0,0,0,0,66,1315,81,1,0,0,1,0,0,0,6,18,1,2,0,0,0,2,0,0,0,0,0,0,0,1,211,518
"CRU_Wet_spring.csv",231,19,142,0,1,0,3,0,1,4,0,0,0,0,0,0,0,0,0,118,845,142,3,0,0,1,0,1,0,3,13,0,6,0,0,0,3,0,0,0,0,0,0,0,0,199,765
"CRU_Wet_summer.csv",167,19,160,0,0,1,1,0,0,4,0,0,0,0,0,0,0,0,0,178,674,102,2,0,0,0,0,1,0,5,26,0,4,2,0,0,4,0,0,0,0,0,0,0,0,304,846
"EDO_FAPAR_Spring.csv",231,20,122,0,4,4,11,0,7,31,0,0,1,0,0,1,1,0,2,83,819,144,0,0,0,1,0,0,0,1,19,0,1,1,0,0,4,0,0,0,0,0,0,0,0,231,761
"EDO_FAPAR_Summer.csv",223,21,93,0,1,0,2,0,1,10,0,0,0,0,0,0,0,0,0,114,710,170,0,0,0,0,0,2,0,9,22,0,3,0,0,0,7,0,0,0,0,0,0,0,0,229,883
"EDO_SPI_spring.csv",163,23,124,0,0,2,5,0,6,11,0,0,0,0,1,0,0,0,0,119,737,204,0,0,0,0,1,2,0,5,20,0,0,1,0,0,5,0,1,0,0,2,0,0,0,229,839
"EDO_SPI_summer.csv",258,25,112,0,1,1,1,0,0,5,2,0,0,1,0,0,0,0,0,117,807,122,1,0,0,1,0,0,0,6,15,0,5,1,0,0,4,0,0,0,0,0,0,0,2,259,754
"Envirem_annual_PET.csv",252,11,83,0,1,2,4,0,0,9,0,0,0,0,0,1,0,0,0,112,834,26,0,0,0,0,0,1,0,2,22,0,2,0,0,0,1,0,0,0,0,1,0,0,0,218,918
"Envirem_Aridity_Index_Thornthwaite.csv",180,15,147,0,3,0,5,0,7,5,0,0,0,0,0,0,0,0,0,122,685,194,1,0,0,1,0,0,0,1,15,0,4,0,0,0,2,0,0,0,0,1,0,0,0,394,718
"Envirem_Climatic_Moisture_Index.csv",213,38,151,0,4,0,0,0,1,2,0,0,0,0,0,0,0,0,4,183,856,104,0,0,0,1,0,3,0,1,6,1,0,1,0,0,2,0,0,0,0,0,0,0,1,331,597
"Envirem_Continentality.csv",232,10,92,0,2,0,2,0,0,6,0,0,0,0,0,0,0,0,0,38,931,125,2,0,0,0,0,0,0,0,20,0,1,0,0,0,0,0,0,0,0,0,0,0,0,240,799
"Envirem_Emberger_pluviothermic_quotient.csv",206,30,166,0,0,0,1,0,1,1,0,0,1,0,0,0,0,0,0,39,905,176,1,0,0,0,0,2,0,2,11,0,1,1,0,0,5,0,0,2,1,0,0,0,0,216,732
"Envirem_Growing_Degree_Days_0C.csv",220,15,102,0,3,2,4,0,0,15,0,0,1,0,0,0,0,0,0,99,861,45,2,0,0,0,0,1,0,5,22,0,1,0,0,0,3,0,0,0,0,0,0,0,0,215,884
"Envirem_Growing_Degree_Days_5C.csv",223,11,94,0,2,2,4,0,0,10,0,0,1,0,0,0,0,0,0,84,879,49,2,0,0,0,0,1,0,5,15,0,0,0,0,0,3,0,0,0,0,0,0,0,0,219,896
"Envirem_Max_Temp_Coldest_Month.csv",222,11,80,0,1,2,3,0,0,9,0,0,0,0,0,0,0,0,0,72,882,39,2,0,0,0,0,1,0,2,22,0,1,0,0,0,0,0,0,0,0,0,0,0,0,225,926
"Envirem_Min_Temp_Warmest_Month.csv",136,29,132,0,2,0,1,0,0,7,2,0,0,0,0,1,0,0,0,246,1012,185,3,0,0,1,0,0,0,4,29,0,3,0,0,0,2,0,0,0,0,1,0,0,0,255,449
"Envirem_Month_Count_By_Temp_10C.csv",210,16,90,0,3,2,5,0,1,11,0,0,1,1,0,0,0,0,0,53,975,127,4,0,0,0,0,1,0,1,14,0,2,0,0,0,3,0,0,0,0,0,0,0,0,216,764
"Envirem_PET_Coldest_Quarter.csv",234,14,80,0,1,0,3,0,0,7,0,0,0,0,0,0,0,0,0,72,831,41,1,0,0,0,0,1,0,3,11,0,2,0,0,0,0,0,0,0,0,0,0,0,0,251,948
"Envirem_PET_Driest_Quarter.csv",238,14,71,0,1,0,3,0,0,6,0,0,0,0,0,0,0,0,0,76,868,36,1,0,0,0,0,1,0,3,11,0,2,0,0,0,0,0,0,0,0,0,0,0,0,231,938
"Envirem_PET_seasonality.csv",201,10,102,0,2,0,2,0,0,3,0,0,0,0,0,0,0,0,0,24,983,120,1,0,0,2,0,0,0,2,22,0,0,0,0,0,0,0,0,0,0,0,0,0,0,231,795
"Envirem_PET_Warmest_Quarter.csv",249,14,92,0,0,0,3,0,1,6,0,0,0,0,0,1,0,0,0,106,935,58,1,0,0,0,0,1,0,5,8,1,0,0,0,0,2,0,0,0,0,0,0,0,0,245,772
"Envirem_PET_Wettest_Quarter.csv",187,25,160,0,2,0,3,0,2,11,0,0,0,0,0,0,0,0,0,78,828,105,0,0,0,0,0,1,0,5,18,1,0,0,0,0,3,0,0,0,0,1,0,0,4,273,793
"Envirem_Thermicity_Index.csv",224,11,99,0,1,2,4,0,0,16,0,0,1,0,0,0,0,0,0,113,874,35,2,0,0,0,0,1,0,5,23,0,1,0,0,0,2,0,0,0,0,0,0,0,0,206,880
"GDEM_Global_Digital_Elevation_Map.csv",166,30,153,0,0,4,2,0,3,5,0,0,0,0,0,0,0,0,0,234,771,96,3,0,0,2,0,0,0,9,11,0,3,0,0,0,6,0,0,0,0,0,0,0,1,302,699
"GISS_Global_temperature_anomaly_monthly_spring.csv",151,22,149,0,0,1,2,0,5,12,0,0,0,0,0,0,0,0,0,30,866,87,1,0,0,2,0,1,0,0,21,0,0,0,0,0,1,0,0,0,0,0,0,0,0,205,944
"GISS_Global_temperature_anomaly_montly_summer.csv",144,23,109,0,0,0,2,0,0,2,0,1,0,0,0,0,0,1,0,47,871,100,3,1,0,2,0,2,0,6,15,0,2,2,0,0,1,0,0,0,0,0,0,0,0,202,964
"GISS_Global_temperature_anomaly_yearly.csv",167,31,170,0,0,1,1,0,0,6,0,0,0,0,0,0,0,0,0,27,759,101,3,0,0,2,0,2,0,0,20,0,0,2,0,0,1,0,0,0,0,0,0,0,0,215,992
"GMT_intermediate_coast_distance.csv",154,41,109,0,2,0,1,0,0,2,0,0,0,0,0,0,0,0,2,127,1106,118,0,0,0,0,0,0,0,6,14,0,0,1,0,0,0,0,0,0,0,0,0,0,2,343,472
"GOSIF_GPP_Spring.csv",223,37,223,0,0,4,12,0,3,3,0,0,0,0,1,0,0,0,0,88,801,157,1,1,0,6,0,0,0,9,25,0,0,0,0,0,2,0,0,0,0,0,0,0,0,247,657
"GOSIF_GPP_Summer.csv",227,46,218,0,1,4,2,0,2,3,0,0,0,0,0,0,0,0,0,118,815,153,0,1,0,4,0,0,0,6,24,0,0,0,0,0,2,0,0,0,0,0,0,0,0,215,659
"GPCC_Spring.csv",148,28,134,0,0,3,3,0,1,2,0,0,0,0,0,0,0,0,0,74,850,167,2,0,0,1,0,0,0,4,13,0,2,0,0,0,7,0,0,2,1,0,0,0,0,185,873
"GPCC_Summer.csv",260,30,141,0,0,0,8,0,2,5,0,0,0,1,0,0,0,0,0,163,751,116,0,0,0,0,0,1,0,3,26,0,1,0,0,0,2,0,0,0,0,0,0,0,3,265,722
"GPP_Spring.csv",235,16,116,0,1,1,3,0,0,14,2,0,0,0,0,0,0,0,0,79,702,134,2,0,0,1,0,2,0,2,26,0,2,0,0,0,1,0,0,0,0,2,1,0,2,266,890
"GPP_Summer.csv",228,23,92,0,3,0,3,0,2,11,0,0,0,0,0,0,0,0,2,85,648,232,0,0,0,0,0,2,0,5,23,0,0,0,0,0,6,0,0,0,0,0,0,0,1,311,823
"GPP_VPM.csv",246,12,118,0,4,3,11,0,5,40,0,0,1,0,0,0,0,0,2,76,882,119,0,1,1,1,0,0,0,7,25,0,1,0,0,0,0,0,0,0,0,0,0,0,0,275,670
"Growing_degree_days.csv",227,12,103,0,0,3,3,0,0,11,0,0,0,0,0,0,0,0,0,126,887,36,0,0,0,0,0,1,0,7,22,0,3,0,0,0,2,0,0,0,0,0,0,0,0,235,822
"GTOPO30_Elevation.csv",248,24,142,0,4,13,3,0,0,6,2,0,0,0,0,0,0,0,2,98,777,183,2,0,0,1,0,0,0,1,18,0,0,0,0,0,5,0,0,0,0,0,0,0,0,235,736
"HWSD_Subsoil_clay_fraction.csv",170,28,131,0,2,1,10,0,0,15,0,0,1,0,0,0,0,0,0,67,878,90,0,2,0,3,0,0,0,6,24,2,4,1,0,0,3,0,0,0,0,1,0,0,0,258,803
"HWSD_Subsoil_gravel_content.csv",101,21,85,0,1,1,2,0,3,1,0,0,0,0,0,0,0,0,0,41,806,153,2,0,0,2,0,0,0,9,22,0,8,0,0,0,3,0,0,0,1,1,0,0,1,330,906
"HWSD_Subsoil_organic_carbon.csv",164,20,129,0,1,18,4,0,7,3,0,0,0,0,1,0,0,0,0,117,792,140,1,0,0,0,0,0,0,4,11,0,7,0,0,0,3,0,0,0,0,0,0,0,0,159,919
"HWSD_Subsoil_pH.csv",220,32,149,0,0,2,7,1,1,13,0,0,1,0,0,0,0,0,0,84,651,150,0,0,0,2,0,0,1,2,9,0,3,0,0,0,2,0,0,0,0,1,0,0,0,355,814
"HWSD_Subsoil_ref_bulk_dens.csv",158,21,123,0,1,7,4,0,7,3,0,0,0,0,0,0,0,0,0,108,901,129,1,0,0,0,0,0,0,5,14,0,6,0,0,0,1,0,0,0,0,0,0,0,0,146,865
"HWSD_Subsoil_sand_fraction.csv",183,27,169,0,6,5,11,0,3,19,0,0,0,0,0,0,0,0,1,75,840,165,0,0,0,0,0,0,0,4,11,1,2,0,0,0,6,0,0,0,0,0,0,0,0,206,766
"HWSD_Subsoil_silt_fraction.csv",166,32,119,0,0,4,4,1,2,7,0,0,0,0,2,0,0,0,0,168,796,130,2,1,0,2,0,2,0,11,15,1,3,0,0,0,1,0,0,0,0,1,0,0,1,256,773
"HWSD_Topsoil_clay_fraction.csv",131,17,113,0,0,2,10,0,0,1,0,0,0,0,0,0,0,0,0,58,849,23,0,0,0,0,0,0,0,5,12,1,5,1,0,0,1,0,0,0,0,0,0,0,0,360,911
"HWSD_Topsoil_gravel_content.csv",183,28,123,0,0,0,1,0,0,0,0,0,0,0,0,0,0,0,0,43,1123,76,1,0,0,2,0,0,0,2,15,1,4,0,0,0,1,0,0,0,0,1,0,0,1,224,671
"HWSD_Topsoil_pH.csv",132,22,116,0,0,0,6,0,1,2,0,0,0,0,0,0,0,0,0,155,886,86,2,0,0,2,0,2,0,7,10,0,0,0,0,0,3,0,0,0,0,0,0,0,1,339,728
"HWSD_Topsoil_ref_bulk_dens.csv",158,17,123,0,1,15,4,0,7,3,0,0,0,0,0,0,0,0,0,104,854,136,1,0,0,0,0,0,0,4,15,0,7,0,0,0,1,0,0,0,0,0,0,0,0,149,901
"HWSD_Topsoil_silt_fraction.csv",172,28,119,0,1,1,13,1,2,6,0,0,0,0,2,0,0,0,0,94,804,121,2,0,0,4,0,2,0,12,19,0,2,0,0,0,1,0,0,0,0,1,0,0,1,289,803
"LAI_Spring.csv",197,28,138,0,2,2,6,0,0,14,0,0,0,0,0,2,0,0,0,60,855,161,2,0,0,1,0,1,0,9,30,0,1,0,0,0,8,0,0,0,0,0,1,0,3,178,801
"LAI_Summer.csv",160,28,143,0,3,1,5,0,3,13,0,0,0,0,0,0,0,0,0,129,778,134,0,0,0,0,0,0,0,2,13,0,3,0,0,0,7,0,0,0,0,0,0,0,0,238,840
"Latitude.csv",215,26,127,0,0,0,1,0,1,4,0,0,0,0,0,0,0,0,0,96,704,73,2,0,0,0,0,1,0,2,7,0,2,2,0,0,1,0,0,0,0,0,0,0,0,229,1007
"Longitude.csv",242,22,99,0,0,0,4,0,0,9,2,0,0,0,0,0,0,0,1,75,901,99,4,0,0,0,0,1,0,3,12,0,5,0,0,0,1,0,0,0,0,0,0,0,3,298,719
"LTemp_day_spring.csv",247,11,116,0,0,2,0,0,0,3,0,0,0,0,0,1,0,0,0,131,826,56,0,0,0,1,0,1,0,6,10,0,3,0,0,0,2,0,0,0,0,0,0,0,0,242,842
"LTemp_day_summer.csv",246,17,100,0,1,0,2,0,2,7,0,0,0,0,0,1,0,0,0,137,900,83,1,0,0,1,0,1,0,4,6,1,0,0,0,0,3,0,0,0,0,0,0,0,0,216,771
"Ltemp_night_spring.csv",220,14,116,0,0,2,0,0,0,7,0,0,0,0,0,1,0,0,0,186,818,75,1,0,0,1,0,1,0,6,18,0,3,0,0,0,2,0,0,0,0,0,0,0,0,241,788
"Ltemp_night_summer.csv",240,22,107,0,0,1,0,0,2,6,2,0,0,0,0,1,0,0,0,167,839,107,2,0,0,1,0,1,0,4,7,0,1,0,0,0,4,0,0,0,0,1,0,0,0,218,767
"MERRAclimmax_00s_bio1.csv",209,19,93,0,0,0,0,0,0,2,0,0,0,0,0,0,0,0,0,162,791,85,1,0,0,0,0,1,0,6,12,0,3,0,0,0,2,0,0,0,0,0,0,0,0,288,826
"MERRAclimmax_00s_bio10.csv",236,22,106,0,0,0,0,0,0,4,2,0,0,0,0,0,0,0,0,151,789,102,1,0,0,1,0,1,0,5,8,0,1,0,0,0,4,0,0,0,0,1,0,0,0,272,794
"MERRAclimmax_00s_bio11.csv",181,15,99,0,0,0,0,0,0,2,0,0,0,0,0,0,0,0,0,147,796,65,1,0,0,0,0,1,0,6,15,0,4,0,0,0,2,0,0,0,0,0,0,0,2,285,879
"MERRAclimmax_00s_bio12.csv",221,19,92,0,0,0,0,0,0,2,2,0,0,0,0,0,0,0,0,143,844,94,1,0,0,0,0,1,0,6,7,0,4,0,0,0,2,0,0,0,0,0,0,0,0,283,779
"MERRAclimmax_00s_bio13.csv",271,27,118,0,0,2,0,0,0,8,2,0,0,0,0,0,0,0,0,156,811,128,2,0,0,0,0,0,0,7,9,0,2,0,0,0,4,0,0,0,0,1,0,0,0,242,710
"MERRAclimmax_00s_bio14.csv",208,13,94,0,0,0,0,0,0,0,0,0,0,0,0,0,0,0,0,134,801,54,1,0,0,0,0,1,0,6,15,0,4,0,0,0,2,0,0,0,0,2,0,0,2,270,893
"MERRAclimmax_00s_bio15.csv",181,10,79,0,0,0,2,0,0,0,0,0,0,0,0,0,0,0,0,54,869,22,2,0,0,0,0,0,0,4,17,0,3,0,0,0,0,0,0,0,0,0,0,0,1,330,926
"MERRAclimmax_00s_bio16.csv",263,25,111,0,0,2,0,0,0,4,2,0,0,0,0,0,0,0,0,135,812,117,2,0,0,0,0,1,0,7,8,0,2,0,0,0,4,0,0,0,0,1,0,0,0,252,752
"MERRAclimmax_00s_bio17.csv",205,13,92,0,0,0,0,0,0,2,0,0,0,0,0,0,0,0,0,153,783,65,1,0,0,0,0,1,0,6,13,0,4,0,0,0,2,0,0,0,0,0,0,0,2,278,880
"MERRAclimmax_00s_bio18.csv",282,27,108,0,0,2,0,0,0,10,2,0,0,0,0,0,0,0,0,110,799,147,2,0,0,0,0,1,0,6,10,0,2,0,0,0,4,0,0,0,0,1,0,0,1,267,719
"MERRAclimmax_00s_bio19.csv",202,21,108,0,0,0,0,0,0,2,0,0,0,0,0,0,0,0,0,146,783,56,1,0,0,0,0,1,0,6,12,0,4,0,0,0,2,0,0,0,0,0,0,0,0,271,885
"MERRAclimmax_00s_bio2.csv",203,24,124,0,0,0,0,0,0,2,0,0,0,0,0,0,0,0,0,82,823,93,2,0,0,0,0,1,0,3,19,0,1,0,0,0,2,0,0,0,0,0,0,0,1,302,818
"MERRAclimmax_00s_bio3.csv",263,17,148,0,2,0,0,0,0,0,0,0,0,0,0,0,0,0,0,103,793,281,1,0,0,0,0,0,0,1,9,0,0,0,0,0,7,0,0,0,0,1,0,0,0,220,654
"MERRAclimmax_00s_bio4.csv",217,14,120,0,0,0,0,0,0,0,0,0,0,0,0,0,0,0,0,35,834,114,4,0,0,0,0,0,0,6,20,0,1,0,0,0,0,0,0,0,0,0,0,0,0,278,857
"MERRAclimmax_00s_bio5.csv",227,30,127,0,0,0,0,0,0,5,0,0,0,0,0,0,0,0,0,133,811,70,1,0,0,0,0,1,0,6,12,0,1,0,0,0,4,0,0,0,0,0,0,0,0,265,807
"MERRAclimmax_00s_bio6.csv",184,15,95,0,0,0,0,0,0,4,0,0,0,0,0,0,0,0,0,139,805,55,1,0,0,0,0,1,0,6,13,0,3,0,0,0,2,0,0,0,0,0,0,0,0,320,857
"MERRAclimmax_00s_bio7.csv",205,22,107,0,0,0,2,0,0,0,0,0,0,0,0,0,0,0,0,65,792,76,4,0,0,0,0,1,0,6,16,0,1,0,0,0,1,0,0,0,0,0,0,0,0,250,952
"MERRAclimmax_00s_bio8.csv",232,25,103,0,0,0,0,0,0,2,2,0,0,0,0,0,0,0,0,151,790,96,1,0,0,1,0,1,0,4,7,0,2,0,0,0,4,0,0,0,0,1,0,0,0,287,791
"MERRAclimmax_00s_bio9.csv",187,17,102,0,0,0,0,0,0,2,0,0,0,0,0,0,0,0,0,130,815,61,1,0,0,0,0,1,0,6,13,0,4,0,0,0,2,0,0,0,0,0,0,0,0,283,876
"MERRAclimmax_80s_bio1.csv",207,19,95,0,0,0,0,0,0,2,0,0,0,0,0,0,0,0,0,160,794,80,1,0,0,0,0,1,0,6,12,0,3,0,0,0,2,0,0,0,0,0,0,0,0,286,832
"MERRAclimmax_80s_bio10.csv",222,22,115,0,0,0,0,0,0,6,0,0,0,0,0,0,0,0,0,143,795,89,0,0,0,1,0,1,0,5,10,1,1,0,0,0,4,0,0,0,0,1,0,0,0,276,808
"MERRAclimmax_80s_bio11.csv",189,16,103,0,0,0,0,0,0,2,0,0,0,0,0,0,0,0,0,129,821,61,1,0,0,0,0,1,0,6,12,0,4,0,0,0,2,0,0,0,0,0,0,0,0,271,882
"MERRAclimmax_80s_bio12.csv",215,18,89,0,0,0,0,0,0,2,2,0,0,0,0,0,0,0,0,154,815,99,1,0,0,0,0,1,0,6,8,0,4,0,0,0,2,0,0,0,0,0,0,0,0,281,803
"MERRAclimmax_80s_bio13.csv",262,27,113,0,0,2,0,0,0,8,2,0,0,0,0,0,0,0,0,126,824,137,2,0,0,0,0,0,0,7,9,0,2,0,0,0,4,0,0,0,0,1,0,0,0,249,725
"MERRAclimmax_80s_bio14.csv",216,18,100,0,0,0,0,0,0,0,0,0,0,0,0,0,0,0,0,137,795,53,1,0,0,0,0,1,0,6,16,0,4,0,0,0,2,0,0,0,0,0,0,0,2,257,892
"MERRAclimmax_80s_bio15.csv",189,10,85,0,0,0,2,0,0,0,0,0,0,0,0,0,0,0,0,61,859,35,1,0,0,0,0,0,0,4,17,0,3,0,0,0,0,0,0,0,0,0,0,0,1,326,907
"MERRAclimmax_80s_bio16.csv",266,26,107,0,0,0,0,0,0,4,2,0,0,0,0,0,0,0,0,131,832,105,2,0,0,0,0,1,0,6,8,0,2,0,0,0,4,0,0,0,0,1,0,0,0,253,750
"MERRAclimmax_80s_bio17.csv",209,15,95,0,0,0,0,0,0,0,0,0,0,0,0,0,0,0,0,150,780,62,1,0,0,0,0,1,0,6,13,0,4,0,0,0,2,0,0,0,0,0,0,0,2,273,887
"MERRAclimmax_80s_bio18.csv",299,31,110,0,0,0,0,0,0,12,2,0,0,0,0,0,0,0,0,109,772,148,2,0,0,0,0,1,0,11,11,0,2,0,0,0,4,0,0,0,0,1,0,0,1,278,706
"MERRAclimmax_80s_bio19.csv",199,22,107,0,0,0,0,0,0,0,0,0,0,0,0,0,0,0,0,131,789,50,1,0,0,0,0,1,0,6,14,0,4,0,0,0,2,0,0,0,0,0,0,0,0,273,901
"MERRAclimmax_80s_bio2.csv",169,23,94,0,0,0,2,0,0,0,0,0,0,0,0,0,0,0,0,93,862,60,1,0,0,0,0,1,0,1,19,0,3,0,0,0,0,0,0,0,0,0,0,0,1,326,845
"MERRAclimmax_80s_bio3.csv",218,30,188,0,2,0,0,0,0,0,0,0,0,0,0,0,0,0,0,78,812,236,1,0,0,1,0,1,0,1,7,0,1,1,0,0,2,0,0,0,2,0,0,0,0,219,700
"MERRAclimmax_80s_bio4.csv",221,13,118,0,0,0,0,0,0,0,0,0,0,0,0,0,0,0,0,35,832,112,4,0,0,0,0,0,0,6,20,0,1,0,0,0,0,0,0,0,0,0,0,0,0,281,857
"MERRAclimmax_80s_bio5.csv",213,30,130,0,0,0,0,0,0,5,0,0,0,0,0,0,0,0,0,127,802,79,1,0,0,0,0,3,0,6,12,0,0,0,0,0,6,0,0,0,0,0,0,0,0,271,815
"MERRAclimmax_80s_bio6.csv",191,16,100,0,0,0,0,0,0,4,0,0,0,0,0,0,0,0,0,133,833,55,1,0,0,0,0,1,0,6,14,0,4,0,0,0,2,0,0,0,0,0,0,0,0,295,845
"MERRAclimmax_80s_bio7.csv",211,20,101,0,0,0,0,0,0,0,0,0,0,0,0,0,0,0,0,61,803,65,4,0,0,0,0,1,0,6,19,0,3,0,0,0,1,0,0,0,0,0,0,0,0,254,951
"MERRAclimmax_80s_bio8.csv",231,25,110,0,0,0,0,0,0,4,0,0,0,0,0,0,0,0,0,163,745,102,1,0,0,1,0,1,0,4,8,0,1,0,0,0,4,0,0,0,0,2,0,0,0,280,818
"MERRAclimmax_80s_bio9.csv",187,16,101,0,0,0,0,0,0,2,0,0,0,0,0,0,0,0,0,125,814,55,1,0,0,0,0,1,0,6,14,0,4,0,0,0,2,0,0,0,0,0,0,0,0,276,896
"MERRAclimmax_90s_bio1.csv",215,19,92,0,0,0,0,0,0,2,0,0,0,0,0,0,0,0,0,160,786,83,1,0,0,0,0,1,0,6,12,0,3,0,0,0,2,0,0,0,0,0,0,0,0,288,830
"MERRAclimmax_90s_bio10.csv",231,23,117,0,0,0,0,0,0,4,0,0,0,0,0,0,0,0,0,155,761,105,0,0,0,1,0,1,0,5,10,0,1,0,0,0,4,0,0,0,0,1,0,0,0,274,807
"MERRAclimmax_90s_bio11.csv",183,15,103,0,0,0,0,0,0,2,0,0,0,0,0,0,0,0,0,153,801,68,1,0,0,0,0,1,0,6,15,0,3,0,0,0,2,0,0,0,0,0,0,0,2,289,856
"MERRAclimmax_90s_bio12.csv",212,17,88,0,0,0,0,0,0,2,2,0,0,0,0,0,0,0,0,154,824,96,1,0,0,0,0,1,0,6,8,0,4,0,0,0,2,0,0,0,0,0,0,0,0,281,802
"MERRAclimmax_90s_bio13.csv",280,27,117,0,0,2,0,0,0,8,2,0,0,0,0,0,0,0,0,128,817,127,2,0,0,0,0,0,0,7,11,0,2,0,0,0,4,0,0,0,0,1,0,0,0,246,719
"MERRAclimmax_90s_bio14.csv",212,19,101,0,0,0,0,0,0,0,0,0,0,0,0,0,0,0,0,144,786,55,1,0,0,0,0,1,0,6,13,0,4,0,0,0,2,0,0,0,0,0,0,0,2,269,885
"MERRAclimmax_90s_bio15.csv",167,8,76,0,0,0,2,0,0,0,0,0,0,0,0,0,0,0,0,53,876,23,2,0,0,0,0,0,0,3,19,0,3,0,0,0,0,0,0,0,0,0,0,0,1,339,928
"MERRAclimmax_90s_bio16.csv",266,24,108,0,0,0,0,0,0,6,2,0,0,0,0,0,0,0,0,133,824,95,2,0,0,0,0,1,0,6,8,0,2,0,0,0,4,0,0,0,0,1,0,0,0,257,761
"MERRAclimmax_90s_bio17.csv",211,19,101,0,0,0,0,0,0,2,0,0,0,0,0,0,0,0,0,147,775,55,1,0,0,0,0,1,0,6,13,0,4,0,0,0,2,0,0,0,0,0,0,0,2,276,885
"MERRAclimmax_90s_bio18.csv",273,27,116,0,0,0,0,0,2,15,2,0,0,0,0,0,0,0,0,114,808,127,2,0,0,1,0,1,0,6,11,0,2,0,0,0,4,0,0,0,0,1,0,0,1,252,735
"MERRAclimmax_90s_bio19.csv",217,19,105,0,0,0,2,0,0,4,0,0,0,0,0,0,0,0,0,135,781,45,1,0,0,0,0,1,0,6,21,0,4,0,0,0,2,0,0,0,0,0,0,0,0,261,896
"MERRAclimmax_90s_bio2.csv",201,24,123,0,0,2,4,0,0,19,0,0,1,0,0,0,0,0,0,76,1036,57,1,0,0,0,0,1,0,4,25,0,1,0,0,0,0,0,0,0,0,0,0,0,0,175,750
"MERRAclimmax_90s_bio3.csv",285,10,158,0,4,3,2,0,1,9,0,0,0,0,1,0,0,0,0,159,657,201,0,0,0,0,0,0,0,0,12,0,1,0,0,0,4,0,0,0,0,1,0,0,0,211,781
"MERRAclimmax_90s_bio4.csv",233,13,102,0,1,0,3,0,0,9,0,0,0,0,0,0,0,0,0,64,830,54,4,0,0,0,0,0,0,6,24,0,1,0,0,0,0,0,0,0,0,0,0,0,0,218,938
"MERRAclimmax_90s_bio5.csv",218,29,128,0,0,0,0,0,2,7,0,0,0,0,0,1,0,0,0,139,794,70,1,0,0,1,0,3,0,6,12,0,0,0,0,0,6,0,0,0,0,0,0,0,0,255,828
"MERRAclimmax_90s_bio6.csv",193,16,98,0,0,0,2,0,0,11,0,0,1,0,0,1,0,0,0,149,823,56,1,0,0,1,0,1,0,6,13,0,3,0,0,0,2,0,0,0,0,0,0,0,0,289,834
"MERRAclimmax_90s_bio7.csv",237,17,92,0,0,0,3,0,0,10,0,0,1,0,0,0,0,0,0,80,849,36,4,0,0,0,0,1,0,5,26,0,1,0,0,0,0,0,0,0,0,0,0,0,0,201,937
"MERRAclimmax_90s_bio8.csv",234,24,114,0,0,0,0,0,2,4,0,0,0,0,0,1,0,0,0,168,746,98,1,0,0,2,0,1,0,4,10,0,1,0,0,0,4,0,0,0,0,1,0,0,0,276,809
"MERRAclimmax_90s_bio9.csv",197,15,99,0,0,0,3,0,0,9,0,0,0,0,0,1,0,0,0,137,831,54,1,0,0,1,0,1,0,6,15,0,3,0,0,0,2,0,0,0,0,0,0,0,0,270,855
"MERRAclimmean_00s_bio1.csv",213,19,95,0,0,0,3,0,2,4,0,0,0,0,0,1,0,0,0,159,804,81,1,0,0,1,0,1,0,6,11,0,3,0,0,0,2,0,0,0,0,0,0,0,0,281,813
"MERRAclimmean_00s_bio10.csv",235,22,107,0,0,0,2,0,2,4,2,0,0,0,0,1,0,0,0,155,797,98,1,0,0,2,0,1,0,5,9,0,1,0,0,0,4,0,0,0,0,1,0,0,0,263,788
"MERRAclimmean_00s_bio11.csv",195,15,113,0,0,0,4,0,0,13,0,0,1,0,0,1,0,0,0,135,812,58,1,0,0,1,0,1,0,6,21,0,3,0,0,0,2,0,0,0,0,0,0,0,0,261,857
"MERRAclimmean_00s_bio12.csv",221,16,94,0,0,0,2,0,0,7,0,0,0,0,0,1,0,0,0,156,798,72,1,0,0,1,0,1,0,6,11,0,3,0,0,0,2,0,0,0,0,0,0,0,0,268,840
"MERRAclimmean_00s_bio13.csv",253,25,109,0,0,0,0,0,0,6,2,0,0,0,0,0,0,0,0,136,818,97,2,0,0,1,0,1,0,7,9,0,2,0,0,0,2,0,0,0,0,0,0,0,0,257,773
"MERRAclimmean_00s_bio14.csv",226,9,90,0,0,0,2,0,0,7,0,0,0,0,0,0,0,0,0,137,806,41,0,0,0,0,0,1,0,6,22,0,4,0,0,0,2,0,0,0,0,2,0,0,0,262,883
"MERRAclimmean_00s_bio15.csv",253,15,113,0,1,0,4,0,0,9,0,0,0,0,0,0,0,0,0,79,681,88,0,0,0,0,0,0,0,3,24,0,2,0,0,0,1,0,0,0,0,2,0,0,1,282,942
"MERRAclimmean_00s_bio16.csv",250,21,97,0,0,0,0,0,0,6,2,0,0,0,0,0,0,0,0,141,808,79,1,0,0,1,0,1,0,7,10,0,2,0,0,0,2,0,0,0,0,0,0,0,0,266,806
"MERRAclimmean_00s_bio17.csv",216,12,100,0,0,0,2,0,0,6,0,0,0,0,0,0,0,0,0,149,807,53,0,0,0,0,0,1,0,6,23,0,4,0,0,0,2,0,0,0,0,0,0,0,0,249,870
"MERRAclimmean_00s_bio18.csv",284,23,99,0,0,0,2,0,2,17,2,0,0,0,0,0,0,0,0,149,762,172,2,0,0,1,0,1,0,11,14,0,3,0,0,0,2,0,0,0,0,0,0,0,3,271,680
"MERRAclimmean_00s_bio19.csv",213,11,83,0,0,0,2,0,0,4,0,0,0,0,0,0,0,0,0,129,803,35,0,0,0,0,0,1,0,6,12,0,4,0,0,0,2,0,0,0,0,0,0,0,0,293,902
"MERRAclimmean_00s_bio2.csv",228,22,134,0,0,2,5,0,1,17,0,0,1,0,0,0,0,0,0,98,867,83,1,0,0,0,0,1,0,4,27,0,0,0,0,0,2,0,0,0,0,0,0,0,0,200,807
"MERRAclimmean_00s_bio3.csv",273,16,150,0,4,1,2,0,2,5,0,0,0,0,0,0,0,0,0,101,804,272,1,0,0,0,0,0,0,1,9,0,0,0,0,0,6,0,0,0,0,1,0,0,0,216,636
"MERRAclimmean_00s_bio4.csv",231,11,104,0,2,0,3,0,0,10,0,0,1,0,0,0,0,0,0,49,869,59,3,0,0,0,0,0,0,4,26,0,1,0,0,0,0,0,0,0,0,0,0,0,0,227,900
"MERRAclimmean_00s_bio5.csv",235,22,119,0,0,0,2,0,2,6,0,0,0,0,0,1,0,0,0,137,828,58,0,0,0,1,0,1,0,4,12,0,1,0,0,0,4,0,0,0,0,0,0,0,0,256,811
"MERRAclimmean_00s_bio6.csv",197,15,110,0,0,0,3,0,0,14,0,0,1,0,0,1,0,0,0,133,812,53,1,0,0,1,0,1,0,6,23,0,3,0,0,0,2,0,0,0,0,0,0,0,0,276,848
"MERRAclimmean_00s_bio7.csv",230,18,121,0,1,1,4,0,0,16,0,0,1,0,0,0,0,0,0,55,846,69,4,0,0,0,0,0,0,7,29,0,1,0,0,0,1,0,0,0,0,0,0,0,0,186,910
"MERRAclimmean_00s_bio8.csv",225,23,101,0,0,0,0,0,2,6,2,0,0,0,0,1,0,0,0,160,777,116,1,0,0,2,0,1,0,5,8,0,1,0,0,0,4,0,0,0,0,1,0,0,0,271,793
"MERRAclimmean_00s_bio9.csv",204,16,98,0,0,0,4,0,0,9,0,0,1,0,0,1,0,0,0,131,837,52,1,0,0,0,0,1,0,6,15,0,4,0,0,0,2,0,0,0,0,0,0,0,0,265,853
"MERRAclimmean_80s_bio1.csv",206,19,95,0,0,0,3,0,0,4,0,0,0,0,0,1,0,0,0,160,810,76,1,0,0,1,0,1,0,6,13,0,3,0,0,0,2,0,0,0,0,0,0,0,0,282,817
"MERRAclimmean_80s_bio10.csv",230,22,117,0,0,0,2,0,2,8,0,0,0,0,0,1,0,0,0,146,800,82,0,0,0,2,0,1,0,5,11,0,1,0,0,0,4,0,0,0,0,1,0,0,0,267,798
"MERRAclimmean_80s_bio11.csv",202,15,97,0,0,0,4,0,0,9,0,0,1,0,0,1,0,0,0,133,833,52,1,0,0,0,0,1,0,6,14,0,4,0,0,0,2,0,0,0,0,0,0,0,0,258,867
"MERRAclimmean_80s_bio12.csv",220,14,112,0,0,0,2,0,0,11,0,0,0,0,0,0,0,0,0,157,784,69,0,0,0,1,0,1,0,6,19,0,3,0,0,0,2,0,0,0,0,0,0,0,0,268,831
"MERRAclimmean_80s_bio13.csv",250,22,106,0,0,0,0,0,0,10,2,0,0,0,0,0,0,0,0,123,815,91,2,0,0,1,0,1,0,6,9,0,2,0,0,0,2,0,0,0,0,0,0,0,0,263,795
"MERRAclimmean_80s_bio14.csv",230,12,98,0,0,0,2,0,0,8,0,0,0,0,0,0,0,0,0,148,835,54,0,0,0,0,0,1,0,6,19,0,4,0,0,0,2,0,0,0,0,0,0,0,0,242,839
"MERRAclimmean_80s_bio15.csv",261,14,106,0,1,0,3,0,0,9,0,0,0,0,0,1,0,0,0,93,684,102,0,0,0,0,0,0,0,2,23,0,1,0,0,0,2,0,0,0,0,2,0,0,1,293,902
"MERRAclimmean_80s_bio16.csv",252,19,102,0,0,0,0,0,0,10,2,0,0,0,0,0,0,0,0,135,819,78,1,0,0,1,0,1,0,7,10,0,2,0,0,0,2,0,0,0,0,0,0,0,0,267,792
"MERRAclimmean_80s_bio17.csv",219,12,97,0,0,0,2,0,0,7,0,0,0,0,0,0,0,0,0,155,814,59,0,0,0,0,0,1,0,6,21,0,4,0,0,0,2,0,0,0,0,0,0,0,0,247,854
"MERRAclimmean_80s_bio18.csv",287,27,119,0,0,0,1,0,2,17,2,0,0,0,0,0,0,0,0,121,679,150,2,0,0,1,0,1,0,10,20,0,3,0,0,0,2,0,0,0,0,0,0,0,3,287,766
"MERRAclimmean_80s_bio19.csv",212,11,93,0,0,0,2,0,0,5,0,0,0,0,0,0,0,0,0,116,854,37,0,0,0,0,0,1,0,6,21,0,3,0,0,0,2,0,0,0,0,2,0,0,0,275,860
"MERRAclimmean_80s_bio2.csv",211,18,113,0,0,4,5,0,1,19,0,0,1,0,0,0,0,0,0,104,845,48,1,0,0,0,0,1,0,2,28,0,3,0,0,0,0,0,0,0,0,0,0,0,0,243,853
"MERRAclimmean_80s_bio3.csv",238,29,195,0,4,1,2,0,1,8,0,0,0,0,1,0,0,0,0,89,781,215,0,0,0,1,0,1,0,1,7,0,1,1,0,0,1,0,0,0,2,0,0,0,0,203,718
"MERRAclimmean_80s_bio4.csv",235,11,107,0,2,0,3,0,0,10,0,0,1,0,0,0,0,0,0,49,859,61,4,0,0,0,0,0,0,6,26,0,1,0,0,0,0,0,0,0,0,0,0,0,0,220,905
"MERRAclimmean_80s_bio5.csv",229,30,130,0,0,0,0,0,2,7,0,0,0,0,0,1,0,0,0,133,795,71,1,0,0,1,0,3,0,6,10,0,0,0,0,0,6,0,0,0,0,0,0,0,0,255,820
"MERRAclimmean_80s_bio6.csv",196,16,106,0,0,0,3,0,0,11,0,0,1,0,0,1,0,0,0,123,841,44,1,0,0,1,0,1,0,6,22,0,3,0,0,0,2,0,0,0,0,0,0,0,0,264,858
"MERRAclimmean_80s_bio7.csv",250,18,120,0,1,2,4,0,0,15,0,0,1,0,0,0,0,0,0,53,854,64,4,0,0,0,0,0,0,7,29,0,1,0,0,0,1,0,0,0,0,0,0,0,0,181,895
"MERRAclimmean_80s_bio8.csv",232,24,107,0,0,0,1,0,2,4,0,0,0,0,0,1,0,0,0,173,746,105,1,0,0,2,0,1,0,5,9,0,1,0,0,0,4,0,0,0,0,1,0,0,0,271,810
"MERRAclimmean_80s_bio9.csv",203,17,101,0,0,0,4,0,0,9,0,0,1,0,0,1,0,0,0,125,847,50,1,0,0,0,0,1,0,6,13,0,4,0,0,0,2,0,0,0,0,0,0,0,0,234,881
"MERRAclimmean_90s_bio1.csv",218,18,92,0,0,0,3,0,2,4,0,0,0,0,0,1,0,0,0,154,821,79,1,0,0,1,0,1,0,6,11,0,3,0,0,0,2,0,0,0,0,0,0,0,0,278,805
"MERRAclimmean_90s_bio10.csv",238,22,115,0,0,0,2,0,2,6,0,0,0,0,0,1,0,0,0,157,778,87,0,0,0,2,0,1,0,5,11,0,1,0,0,0,4,0,0,0,0,1,0,0,0,266,801
"MERRAclimmean_90s_bio11.csv",196,15,102,0,0,0,3,0,0,9,0,0,0,0,0,1,0,0,0,149,832,61,1,0,0,1,0,1,0,6,11,0,3,0,0,0,2,0,0,0,0,0,0,0,0,267,840
"MERRAclimmean_90s_bio12.csv",220,16,105,0,0,0,2,0,0,11,0,0,0,0,0,1,0,0,0,156,788,73,1,0,0,1,0,1,0,6,11,0,3,0,0,0,2,0,0,0,0,0,0,0,0,266,837
"MERRAclimmean_90s_bio13.csv",255,21,107,0,0,0,0,0,0,10,2,0,0,0,0,0,0,0,0,140,822,82,2,0,0,1,0,1,0,7,9,0,2,0,0,0,2,0,0,0,0,0,0,0,0,260,777
"MERRAclimmean_90s_bio14.csv",226,10,101,0,0,0,2,0,0,6,0,0,0,0,0,0,0,0,0,138,802,52,0,0,0,0,0,1,0,6,22,0,4,0,0,0,2,0,0,0,0,0,0,0,0,248,880
"MERRAclimmean_90s_bio15.csv",245,15,108,0,1,0,1,0,0,9,0,0,0,0,0,0,0,0,0,85,708,75,0,0,0,0,0,0,0,2,25,0,3,0,0,0,2,0,0,0,0,2,0,0,1,293,925
"MERRAclimmean_90s_bio16.csv",254,19,103,0,0,0,0,0,0,10,2,0,0,0,0,0,0,0,0,135,831,79,1,0,0,1,0,1,0,7,10,0,2,0,0,0,2,0,0,0,0,0,0,0,0,255,788
"MERRAclimmean_90s_bio17.csv",226,12,96,0,0,0,2,0,0,6,0,0,0,0,0,0,0,0,0,152,811,59,0,0,0,0,0,1,0,6,21,0,4,0,0,0,2,0,0,0,0,0,0,0,0,249,853
"MERRAclimmean_90s_bio18.csv",277,29,122,0,0,0,2,0,2,19,2,0,0,0,0,0,0,0,0,123,721,131,2,0,0,1,0,1,0,12,18,0,3,0,0,0,2,0,0,0,0,0,0,0,3,280,750
"MERRAclimmean_90s_bio19.csv",220,18,92,0,0,0,2,0,0,4,0,0,0,0,0,0,0,0,0,130,801,39,0,0,0,0,0,1,0,6,15,0,4,0,0,0,2,0,0,0,0,0,0,0,0,273,893
"MERRAclimmean_90s_bio2.csv",201,24,123,0,0,2,4,0,0,19,0,0,1,0,0,0,0,0,0,76,1036,57,1,0,0,0,0,1,0,4,25,0,1,0,0,0,0,0,0,0,0,0,0,0,0,175,750
"MERRAclimmean_90s_bio3.csv",285,10,158,0,4,3,2,0,1,9,0,0,0,0,1,0,0,0,0,159,657,201,0,0,0,0,0,0,0,0,12,0,1,0,0,0,4,0,0,0,0,1,0,0,0,211,781
"MERRAclimmean_90s_bio4.csv",233,13,102,0,1,0,3,0,0,9,0,0,0,0,0,0,0,0,0,64,830,54,4,0,0,0,0,0,0,6,24,0,1,0,0,0,0,0,0,0,0,0,0,0,0,218,938
"MERRAclimmean_90s_bio5.csv",218,29,128,0,0,0,0,0,2,7,0,0,0,0,0,1,0,0,0,139,794,70,1,0,0,1,0,3,0,6,12,0,0,0,0,0,6,0,0,0,0,0,0,0,0,255,828
"MERRAclimmean_90s_bio6.csv",193,16,98,0,0,0,2,0,0,11,0,0,1,0,0,1,0,0,0,149,823,56,1,0,0,1,0,1,0,6,13,0,3,0,0,0,2,0,0,0,0,0,0,0,0,289,834
"MERRAclimmean_90s_bio7.csv",237,17,92,0,0,0,3,0,0,10,0,0,1,0,0,0,0,0,0,80,849,36,4,0,0,0,0,1,0,5,26,0,1,0,0,0,0,0,0,0,0,0,0,0,0,201,937
"MERRAclimmean_90s_bio8.csv",231,24,107,0,0,0,1,0,2,4,0,0,0,0,0,1,0,0,0,168,746,104,0,0,0,2,0,1,0,5,9,0,1,0,0,0,4,0,0,0,0,1,0,0,0,274,815
"MERRAclimmean_90s_bio9.csv",197,15,96,0,0,0,3,0,0,9,0,0,0,0,0,1,0,0,0,137,827,58,1,0,0,1,0,1,0,6,15,0,3,0,0,0,2,0,0,0,0,0,0,0,0,272,856
"MERRAclimmin_00s_bio1.csv",213,19,95,0,0,0,3,0,2,4,0,0,0,0,0,1,0,0,0,159,804,81,1,0,0,1,0,1,0,6,11,0,3,0,0,0,2,0,0,0,0,0,0,0,0,281,813
"MERRAclimmin_00s_bio10.csv",235,22,107,0,0,0,2,0,2,4,2,0,0,0,0,1,0,0,0,155,797,98,1,0,0,2,0,1,0,5,9,0,1,0,0,0,4,0,0,0,0,1,0,0,0,263,788
"MERRAclimmin_00s_bio11.csv",195,15,113,0,0,0,4,0,0,13,0,0,1,0,0,1,0,0,0,135,812,58,1,0,0,1,0,1,0,6,21,0,3,0,0,0,2,0,0,0,0,0,0,0,0,261,857
"MERRAclimmin_00s_bio12.csv",202,12,99,0,0,0,2,0,0,11,0,0,0,0,0,0,0,0,0,140,799,51,0,0,0,0,0,1,0,6,22,0,4,0,0,0,2,0,0,0,0,0,0,0,0,253,896
"MERRAclimmin_00s_bio13.csv",220,21,100,0,0,0,0,0,0,9,2,0,0,0,0,0,0,0,0,129,799,74,1,0,0,1,0,1,0,6,12,0,3,0,0,0,2,0,0,0,0,0,0,0,0,278,842
"MERRAclimmin_00s_bio14.csv",234,11,101,0,0,0,1,0,0,7,0,0,0,0,0,0,0,0,0,112,785,32,0,0,0,0,0,1,0,8,20,0,3,0,0,0,3,0,0,0,0,2,0,0,1,279,900
"MERRAclimmin_00s_bio15.csv",291,20,108,0,1,0,3,0,1,7,2,0,0,0,0,0,0,0,0,115,828,133,1,0,0,0,0,0,0,5,16,0,5,0,0,0,2,0,0,0,0,1,0,0,1,227,733
"MERRAclimmin_00s_bio16.csv",196,17,101,0,0,0,1,0,0,9,0,0,0,0,0,0,0,0,0,155,816,63,1,0,0,1,0,1,0,6,11,0,3,0,0,0,2,0,0,0,0,0,0,0,0,265,852
"MERRAclimmin_00s_bio17.csv",221,12,101,0,0,0,1,0,0,6,0,0,0,0,0,0,0,0,0,110,816,28,0,0,0,0,0,1,0,8,19,0,4,0,0,0,3,0,0,0,0,0,0,0,1,284,885
"MERRAclimmin_00s_bio18.csv",169,16,91,0,0,0,5,0,0,10,0,0,0,0,0,0,0,0,0,133,816,130,0,0,0,1,0,0,0,10,26,0,3,0,0,0,3,0,0,0,0,0,0,0,3,304,780
"MERRAclimmin_00s_bio19.csv",221,14,98,0,0,0,1,0,0,4,0,0,0,0,0,0,0,0,0,98,845,37,0,0,0,0,0,1,0,6,9,0,3,0,0,0,0,0,0,0,0,2,0,0,0,264,897
"MERRAclimmin_00s_bio2.csv",228,22,134,0,0,2,5,0,1,17,0,0,1,0,0,0,0,0,0,98,867,83,1,0,0,0,0,1,0,4,27,0,0,0,0,0,2,0,0,0,0,0,0,0,0,200,807
"MERRAclimmin_00s_bio3.csv",273,16,150,0,4,1,2,0,2,5,0,0,0,0,0,0,0,0,0,101,804,272,1,0,0,0,0,0,0,1,9,0,0,0,0,0,6,0,0,0,0,1,0,0,0,216,636
"MERRAclimmin_00s_bio4.csv",231,11,104,0,2,0,3,0,0,10,0,0,1,0,0,0,0,0,0,49,869,59,3,0,0,0,0,0,0,4,26,0,1,0,0,0,0,0,0,0,0,0,0,0,0,227,900
"MERRAclimmin_00s_bio5.csv",235,22,119,0,0,0,2,0,2,6,0,0,0,0,0,1,0,0,0,137,828,58,0,0,0,1,0,1,0,4,12,0,1,0,0,0,4,0,0,0,0,0,0,0,0,256,811
"MERRAclimmin_00s_bio6.csv",184,15,95,0,0,0,0,0,0,4,0,0,0,0,0,0,0,0,0,139,805,55,1,0,0,0,0,1,0,6,13,0,3,0,0,0,2,0,0,0,0,0,0,0,0,320,857
"MERRAclimmin_00s_bio7.csv",205,22,107,0,0,0,2,0,0,0,0,0,0,0,0,0,0,0,0,65,792,76,4,0,0,0,0,1,0,6,16,0,1,0,0,0,1,0,0,0,0,0,0,0,0,250,952
"MERRAclimmin_00s_bio8.csv",233,24,100,0,0,0,0,0,0,2,2,0,0,0,0,0,0,0,0,156,776,125,1,0,0,1,0,1,0,5,8,0,1,0,0,0,4,0,0,0,0,1,0,0,0,280,780
"MERRAclimmin_00s_bio9.csv",185,17,102,0,0,0,0,0,0,2,0,0,0,0,0,0,0,0,0,132,830,65,1,0,0,0,0,1,0,6,13,0,4,0,0,0,2,0,0,0,0,0,0,0,0,273,867
"MERRAclimmin_80s_bio1.csv",207,19,95,0,0,0,0,0,0,2,0,0,0,0,0,0,0,0,0,160,794,80,1,0,0,0,0,1,0,6,12,0,3,0,0,0,2,0,0,0,0,0,0,0,0,286,832
"MERRAclimmin_80s_bio10.csv",222,22,115,0,0,0,0,0,0,6,0,0,0,0,0,0,0,0,0,143,795,89,0,0,0,1,0,1,0,5,10,1,1,0,0,0,4,0,0,0,0,1,0,0,0,276,808
"MERRAclimmin_80s_bio11.csv",189,16,103,0,0,0,0,0,0,2,0,0,0,0,0,0,0,0,0,129,821,61,1,0,0,0,0,1,0,6,12,0,4,0,0,0,2,0,0,0,0,0,0,0,0,271,882
"MERRAclimmin_80s_bio12.csv",208,16,97,0,0,0,0,0,0,2,0,0,0,0,0,0,0,0,0,162,778,65,0,0,0,0,0,1,0,6,12,0,3,0,0,0,2,0,0,0,0,0,0,0,0,295,853
"MERRAclimmin_80s_bio13.csv",220,24,92,0,0,0,0,0,0,4,2,0,0,0,0,0,0,0,0,128,816,99,1,0,0,0,0,1,0,2,14,0,3,0,0,0,2,0,0,0,0,0,0,0,0,309,783
"MERRAclimmin_80s_bio14.csv",172,16,89,0,0,0,2,0,0,0,0,0,0,0,0,0,0,0,0,111,857,24,0,0,0,0,0,1,0,6,15,0,5,0,0,0,3,0,0,0,0,0,0,0,1,295,903
"MERRAclimmin_80s_bio15.csv",283,25,136,0,0,0,0,0,0,0,2,0,0,0,0,0,0,0,2,83,827,166,1,0,0,1,0,1,0,12,9,0,4,1,0,0,3,0,0,0,0,0,0,0,1,234,709
"MERRAclimmin_80s_bio16.csv",195,17,91,0,0,0,0,0,0,2,2,0,0,0,0,0,0,0,0,152,813,89,1,0,0,0,0,1,0,6,14,0,4,0,0,0,2,0,0,0,0,0,0,0,2,283,826
"MERRAclimmin_80s_bio17.csv",178,15,97,0,0,0,2,0,0,0,0,0,0,0,0,0,0,0,0,125,840,22,0,0,0,0,0,1,0,7,14,0,6,0,0,0,3,0,0,0,0,0,0,0,1,304,885
"MERRAclimmin_80s_bio18.csv",161,20,101,0,0,0,2,0,0,2,0,0,0,0,0,0,0,0,0,92,807,82,1,0,0,0,0,0,0,9,22,0,3,0,0,0,3,0,0,0,0,0,0,0,0,363,832
"MERRAclimmin_80s_bio19.csv",220,17,100,0,0,0,0,0,0,0,0,0,0,0,0,0,0,0,0,100,825,38,0,0,0,0,0,1,0,6,8,0,4,0,0,0,0,0,0,0,0,2,0,0,0,276,903
"MERRAclimmin_80s_bio2.csv",169,23,94,0,0,0,2,0,0,0,0,0,0,0,0,0,0,0,0,93,862,60,1,0,0,0,0,1,0,1,19,0,3,0,0,0,0,0,0,0,0,0,0,0,1,326,845
"MERRAclimmin_80s_bio3.csv",218,30,188,0,2,0,0,0,0,0,0,0,0,0,0,0,0,0,0,78,812,236,1,0,0,1,0,1,0,1,7,0,1,1,0,0,2,0,0,0,2,0,0,0,0,219,700
"MERRAclimmin_80s_bio4.csv",235,11,107,0,2,0,3,0,0,10,0,0,1,0,0,0,0,0,0,49,859,61,4,0,0,0,0,0,0,6,26,0,1,0,0,0,0,0,0,0,0,0,0,0,0,220,905
"MERRAclimmin_80s_bio5.csv",229,30,130,0,0,0,0,0,2,7,0,0,0,0,0,1,0,0,0,133,795,71,1,0,0,1,0,3,0,6,10,0,0,0,0,0,6,0,0,0,0,0,0,0,0,255,820
"MERRAclimmin_80s_bio6.csv",196,16,106,0,0,0,3,0,0,11,0,0,1,0,0,1,0,0,0,123,841,44,1,0,0,1,0,1,0,6,22,0,3,0,0,0,2,0,0,0,0,0,0,0,0,264,858
"MERRAclimmin_80s_bio7.csv",250,18,120,0,1,2,4,0,0,15,0,0,1,0,0,0,0,0,0,53,854,64,4,0,0,0,0,0,0,7,29,0,1,0,0,0,1,0,0,0,0,0,0,0,0,181,895
"MERRAclimmin_80s_bio8.csv",225,24,104,0,0,0,0,0,2,4,2,0,0,0,0,1,0,0,0,157,766,101,1,0,0,2,0,1,0,5,8,0,1,0,0,0,4,0,0,0,0,1,0,0,0,275,816
"MERRAclimmin_80s_bio9.csv",205,14,95,0,0,0,4,0,0,7,0,0,1,0,0,1,0,0,0,115,863,59,1,0,0,0,0,1,0,5,13,0,2,0,0,0,2,0,0,0,0,0,0,0,0,268,844
"MERRAclimmin_90s_bio1.csv",218,18,92,0,0,0,3,0,2,4,0,0,0,0,0,1,0,0,0,154,821,79,1,0,0,1,0,1,0,6,11,0,3,0,0,0,2,0,0,0,0,0,0,0,0,278,805
"MERRAclimmin_90s_bio10.csv",238,22,115,0,0,0,2,0,2,6,0,0,0,0,0,1,0,0,0,157,778,87,0,0,0,2,0,1,0,5,11,0,1,0,0,0,4,0,0,0,0,1,0,0,0,266,801
"MERRAclimmin_90s_bio11.csv",196,15,102,0,0,0,3,0,0,9,0,0,0,0,0,1,0,0,0,149,832,61,1,0,0,1,0,1,0,6,11,0,3,0,0,0,2,0,0,0,0,0,0,0,0,267,840
"MERRAclimmin_90s_bio12.csv",215,19,106,0,0,0,2,0,0,8,0,0,0,0,0,0,0,0,0,141,809,50,0,0,0,0,0,1,0,6,22,0,3,0,0,0,2,0,0,0,0,0,0,0,0,239,877
"MERRAclimmin_90s_bio13.csv",213,23,98,0,0,0,1,0,0,9,2,0,0,0,0,0,0,0,0,117,801,85,1,0,0,1,0,1,0,3,16,0,3,0,0,0,2,0,0,0,0,0,0,0,0,284,840
"MERRAclimmin_90s_bio14.csv",235,12,98,0,0,0,1,0,0,7,0,0,0,0,0,0,0,0,0,106,800,30,0,0,0,0,0,1,0,6,20,0,4,0,0,0,3,0,0,0,0,2,0,0,1,280,894
"MERRAclimmin_90s_bio15.csv",272,23,127,0,0,0,2,0,1,10,2,0,0,0,0,1,0,0,2,141,770,154,1,0,0,0,0,0,0,6,14,0,4,0,0,0,2,0,0,0,0,1,0,0,1,254,712
"MERRAclimmin_90s_bio16.csv",193,17,96,0,0,0,1,0,0,8,2,0,1,0,0,0,0,0,0,138,826,77,2,0,0,1,0,1,0,6,11,0,4,0,0,0,2,0,0,0,0,0,0,0,0,285,829
"MERRAclimmin_90s_bio17.csv",239,12,99,0,0,0,1,0,0,7,0,0,0,0,0,0,0,0,0,104,813,31,0,0,0,0,0,1,0,6,19,0,4,0,0,0,3,0,0,0,0,2,0,0,0,284,875
"MERRAclimmin_90s_bio18.csv",160,16,101,0,0,0,2,0,0,5,0,0,0,0,0,0,0,0,0,89,808,86,1,0,0,1,0,0,0,9,35,0,3,0,0,0,3,0,0,0,0,0,0,0,0,335,846
"MERRAclimmin_90s_bio19.csv",215,17,97,0,0,0,1,0,0,4,0,0,0,0,0,0,0,0,0,102,845,37,0,0,0,0,0,1,0,4,9,0,3,0,0,0,0,0,0,0,0,2,0,0,0,263,900
"MERRAclimmin_90s_bio2.csv",201,24,123,0,0,2,4,0,0,19,0,0,1,0,0,0,0,0,0,76,1036,57,1,0,0,0,0,1,0,4,25,0,1,0,0,0,0,0,0,0,0,0,0,0,0,175,750
"MERRAclimmin_90s_bio3.csv",285,10,158,0,4,3,2,0,1,9,0,0,0,0,1,0,0,0,0,159,657,201,0,0,0,0,0,0,0,0,12,0,1,0,0,0,4,0,0,0,0,1,0,0,0,211,781
"MERRAclimmin_90s_bio4.csv",233,13,102,0,1,0,3,0,0,9,0,0,0,0,0,0,0,0,0,64,830,54,4,0,0,0,0,0,0,6,24,0,1,0,0,0,0,0,0,0,0,0,0,0,0,218,938
"MERRAclimmin_90s_bio5.csv",218,29,128,0,0,0,0,0,2,7,0,0,0,0,0,1,0,0,0,139,794,70,1,0,0,1,0,3,0,6,12,0,0,0,0,0,6,0,0,0,0,0,0,0,0,255,828
"MERRAclimmin_90s_bio6.csv",193,16,98,0,0,0,2,0,0,11,0,0,1,0,0,1,0,0,0,149,823,56,1,0,0,1,0,1,0,6,13,0,3,0,0,0,2,0,0,0,0,0,0,0,0,289,834
"MERRAclimmin_90s_bio7.csv",237,17,92,0,0,0,3,0,0,10,0,0,1,0,0,0,0,0,0,80,849,36,4,0,0,0,0,1,0,5,26,0,1,0,0,0,0,0,0,0,0,0,0,0,0,201,937
"MERRAclimmin_90s_bio8.csv",231,24,106,0,0,0,1,0,2,4,0,0,0,0,0,1,0,0,0,168,747,105,0,0,0,2,0,1,0,5,9,0,1,0,0,0,4,0,0,0,0,1,0,0,0,273,815
"MERRAclimmin_90s_bio9.csv",204,16,102,0,0,0,3,0,0,11,0,0,1,0,0,1,0,0,0,132,851,65,1,0,0,1,0,1,0,5,14,0,2,0,0,0,2,0,0,0,0,0,0,0,0,287,801
"MOD16A2_Aridity_index.csv",291,28,169,0,2,0,0,0,0,8,0,0,0,0,0,0,0,0,0,65,918,164,1,0,0,0,0,0,0,2,8,0,0,2,0,0,6,0,0,0,0,2,0,1,0,247,586
"MOD16A2_Climatic_water_deficit.csv",172,38,145,0,0,1,1,0,1,4,0,0,0,0,0,0,1,0,0,151,1004,161,0,0,0,0,0,0,0,1,13,0,0,0,0,0,0,0,0,0,0,0,0,0,3,304,500
"MOD16A2_ET.csv",220,20,119,0,11,0,1,0,5,10,0,0,0,0,2,0,0,0,0,88,833,179,1,0,0,0,0,2,0,1,21,0,3,0,0,0,2,0,0,0,0,0,0,0,0,236,746
"MOD16A2_LE.csv",215,20,119,0,12,0,1,0,5,8,0,0,0,0,2,0,0,0,0,94,829,177,1,0,0,0,0,2,0,1,20,0,3,0,0,0,2,0,0,0,0,0,0,0,0,236,753
"MOD16A2_Number_of_dry_months.csv",218,25,108,0,0,2,0,0,0,11,2,0,1,0,0,0,0,0,0,90,961,70,1,0,0,1,0,0,0,3,13,0,3,0,0,0,2,0,0,0,0,0,0,0,1,264,724
"MOD16A2_PET.csv",218,20,118,0,12,0,1,0,5,8,0,0,0,0,2,0,0,0,0,89,834,178,1,0,0,0,0,1,0,1,20,0,3,0,0,0,2,0,0,0,0,0,0,0,0,235,752
"NDVI_Spring.csv",215,17,132,0,6,2,7,0,4,20,0,0,1,0,0,0,0,0,2,154,857,92,0,0,0,0,0,0,0,5,19,0,2,1,0,0,3,0,0,0,0,0,0,0,2,320,639
"NDVI_Summer.csv",191,26,134,0,2,0,3,0,0,9,0,0,0,0,0,0,0,0,2,118,906,192,0,0,0,0,0,2,0,2,8,0,2,1,0,0,2,0,0,0,0,0,0,0,0,381,519
"Net_radiation_spring.csv",217,20,114,0,1,0,0,0,0,2,0,0,0,0,0,1,0,0,0,125,716,147,0,0,0,0,0,2,0,10,11,0,4,0,0,0,4,0,0,0,0,2,0,0,0,309,815
"Net_radiation_summer.csv",134,35,159,0,3,0,1,0,0,3,0,0,0,0,0,0,0,0,1,69,810,194,4,0,0,2,0,0,0,0,12,0,2,0,0,0,5,0,0,0,0,0,0,0,0,229,837
"Nitrogen_Balance_On_Landscape.csv",216,24,140,0,3,12,5,0,13,18,0,0,0,0,0,0,0,0,1,62,771,128,1,0,0,0,0,1,0,7,17,0,1,1,0,0,6,0,0,0,0,0,0,0,0,215,858
"NO2_Spring.csv",202,20,118,0,0,0,3,0,2,7,0,0,0,0,0,0,0,0,0,88,892,78,0,0,0,3,0,0,0,3,16,0,0,0,0,0,1,0,0,0,0,0,0,0,1,218,848
"NPP_Spring.csv",178,17,111,0,1,1,4,0,4,8,0,0,0,0,0,0,0,0,0,45,785,224,0,0,0,0,0,1,0,6,23,0,2,0,0,0,11,0,0,0,0,1,0,0,1,237,840
"NPP_summer.csv",176,18,113,0,3,1,3,0,2,5,0,0,0,0,0,0,0,0,0,176,714,122,0,1,0,0,0,0,0,1,12,0,1,0,0,0,2,0,0,0,0,1,0,0,3,253,893
"O3_Spring.csv",189,18,122,0,2,0,2,0,0,3,0,0,0,0,0,0,0,0,0,55,886,98,1,0,0,4,0,0,0,2,15,0,1,0,0,0,1,0,0,0,0,0,0,0,0,210,891
"O3_Summer.csv",202,13,145,0,2,2,3,0,4,2,0,0,0,0,0,0,0,0,0,157,835,116,0,0,0,0,0,1,0,1,11,0,3,0,0,0,1,0,0,0,0,0,0,0,0,194,808
"ORNL_aboveground_biomass.csv",167,36,150,0,3,5,9,0,2,8,0,0,1,0,0,0,0,0,1,169,809,173,3,0,0,1,0,0,0,3,25,0,1,0,0,0,3,0,0,0,0,0,0,0,2,281,648
"ORNL_belowground_biomass.csv",135,35,130,0,6,1,10,0,6,9,0,0,0,0,0,0,0,0,0,62,785,171,0,0,0,0,0,0,0,0,16,0,1,0,0,1,6,0,0,0,0,0,0,0,0,219,907
"PhosphorusBalanceOnLandscape.csv",248,21,129,0,1,7,1,0,5,3,0,0,0,0,0,0,0,0,0,140,775,92,0,0,0,1,0,3,0,5,19,0,2,0,0,0,2,0,0,0,0,1,0,0,0,282,763
"Precipitable_water_spring.csv",217,16,99,0,1,0,3,0,0,4,0,0,0,0,0,1,0,0,0,121,891,51,0,0,0,0,0,2,0,6,8,0,4,0,0,0,2,0,0,0,0,0,0,0,0,228,846
"Precipitable_water_summer.csv",275,27,121,0,0,2,0,0,2,14,2,0,0,0,0,0,0,0,0,118,957,98,1,0,0,1,0,0,0,6,22,0,3,0,0,0,4,0,0,0,0,1,0,0,3,275,568
"SIB3_carbon_flux_spring.csv",215,26,143,0,1,1,2,0,0,3,0,0,0,0,0,0,0,0,0,79,736,157,2,0,0,1,0,0,0,3,15,1,1,0,0,0,2,0,0,0,0,0,0,0,2,324,786
"SIB3_carbon_flux_summer.csv",212,10,70,0,0,0,1,0,0,4,0,0,0,0,0,1,0,0,2,152,851,155,0,0,0,1,0,1,0,3,10,0,0,0,0,0,2,0,0,0,0,0,0,0,0,304,721
"SMN_Spring.csv",336,28,153,0,4,3,5,0,1,4,0,0,0,0,0,0,0,0,0,85,863,93,3,0,0,1,0,6,0,5,12,0,1,0,0,0,2,0,0,0,0,3,0,0,4,209,679
"SMN_Summer.csv",174,16,103,0,6,2,5,0,0,2,0,0,0,0,0,0,0,0,0,44,925,152,0,0,0,2,0,1,0,1,12,1,2,0,0,0,3,0,0,0,0,1,0,0,4,282,762
"SMT_Spring.csv",188,12,99,0,0,0,5,0,1,2,0,0,0,0,0,0,0,0,0,76,952,96,0,0,0,0,0,1,0,3,21,1,3,0,0,0,1,0,0,0,0,2,0,0,0,219,818
"SMT_Summer.csv",202,16,107,0,2,1,1,0,2,11,0,0,0,0,0,1,0,0,0,36,813,164,0,0,0,1,0,1,0,3,14,0,1,0,0,0,1,0,0,0,0,0,0,0,0,284,839
"Soil_salinity_Ece.csv",202,19,120,0,3,8,4,0,7,6,0,0,0,0,0,0,0,0,0,128,733,251,1,0,0,0,0,1,0,2,19,0,3,0,0,0,3,0,0,0,0,0,0,0,2,257,731
"Soil_sodicity_ESP.csv",201,20,125,0,3,1,3,0,4,17,0,0,0,0,0,0,0,0,2,118,797,177,0,0,0,2,0,3,0,6,11,0,4,1,0,0,4,0,0,0,0,0,0,0,3,314,684
"SoilGirds_Absolute_depth_to_bedrock.csv",202,29,120,0,3,0,4,0,0,11,0,0,0,1,0,0,0,0,0,41,742,151,0,1,0,0,0,0,0,9,26,0,1,0,0,0,3,0,0,0,0,0,0,0,0,199,957
"SoilGrids_Acid_subsoil_grade.csv",408,35,126,0,2,2,0,0,1,7,0,0,0,0,0,0,0,0,0,148,742,105,2,0,0,1,0,1,0,7,13,1,5,0,0,0,4,0,0,0,0,0,0,0,0,255,635
"SoilGrids_Bulk_density.csv",235,19,101,0,1,0,0,0,0,3,0,0,0,0,0,1,0,0,0,127,837,74,2,0,0,1,0,2,0,8,20,0,3,0,0,0,3,0,0,0,0,1,0,0,2,227,833
"SoilGrids_Cation_exchange_capacity.csv",246,18,176,0,1,2,6,0,4,8,0,0,0,0,0,1,0,0,0,138,665,276,0,0,0,3,0,0,0,5,7,0,0,0,0,0,6,0,0,0,0,0,0,0,0,366,572
"SoilGrids_Clay_content.csv",235,10,70,0,1,0,4,0,0,6,0,0,0,0,0,1,0,0,0,113,896,43,1,0,0,0,0,2,0,1,8,0,1,0,0,0,1,0,0,0,0,0,0,0,0,235,872
"SoilGrids_Coarse_fragments_volumetric.csv",182,18,98,0,0,2,0,0,5,6,0,0,0,0,0,1,0,0,0,131,744,164,0,0,0,0,0,2,0,3,7,0,0,0,0,0,5,0,0,0,0,2,0,0,0,355,775
"SoilGrids_Depth_to_bedrock.csv",302,22,131,0,0,3,0,0,4,12,0,0,0,0,0,0,0,0,0,100,765,160,1,0,0,1,0,7,0,10,12,0,1,0,0,0,1,0,0,0,0,1,0,0,2,287,678
"SoilGrids_pH_in_H2O.csv",210,36,147,0,2,1,1,0,2,8,0,0,0,0,0,2,0,0,2,175,751,157,0,0,0,1,0,0,0,7,11,0,0,1,0,0,5,0,0,2,0,0,0,0,2,336,641
"SoilGrids_pH_in_KCl.csv",175,27,122,0,2,0,1,0,2,6,0,0,0,0,0,0,0,0,2,146,880,138,0,0,0,1,0,1,0,4,14,0,0,1,0,0,1,0,0,0,0,0,0,0,3,366,608
"SoilGrids_Plant_vailable_soil_water_capacity_h1.csv",241,13,77,0,1,2,0,0,1,4,0,0,0,0,0,0,0,0,0,102,1042,124,0,0,0,0,1,0,0,2,13,0,1,0,0,0,3,0,0,0,0,0,0,0,2,190,681
"SoilGrids_Plant_vailable_soil_water_capacity_h2.csv",178,17,100,0,4,2,1,0,3,3,0,0,0,0,0,0,0,0,0,111,1031,154,4,0,0,0,1,0,0,0,14,0,0,1,0,0,5,0,0,0,0,0,0,1,1,191,678
"SoilGrids_Plant_vailable_soil_water_capacity_h3.csv",165,21,100,0,0,2,1,0,0,2,0,0,0,0,0,0,0,0,0,73,954,129,4,0,0,0,1,1,0,1,13,0,0,1,0,0,5,0,0,0,0,0,0,1,1,210,815
"SoilGrids_Plant_vailable_soil_water_capacity_t5.csv",230,12,92,0,1,2,0,0,0,3,0,0,0,0,0,0,0,0,0,114,852,92,2,0,0,1,0,2,0,7,24,0,7,0,0,0,3,0,0,0,0,1,0,0,2,221,832
"SoilGrids_Probability_R_horizon.csv",193,51,223,0,0,1,2,1,5,9,0,0,0,0,0,0,0,0,0,51,759,187,1,0,0,1,0,1,0,2,10,0,1,1,0,0,6,0,0,0,2,1,0,0,0,202,790
"SoilGrids_Sand_content.csv",194,38,169,0,1,1,2,0,3,5,0,0,0,0,0,1,0,0,0,223,774,112,2,0,0,0,0,0,0,3,9,0,1,1,0,0,1,0,0,0,0,0,0,0,0,238,722
"SoilGrids_Silt_content.csv",235,18,100,0,1,1,3,0,0,12,0,0,1,0,0,0,0,0,2,115,884,70,1,0,0,0,0,1,0,0,11,0,1,0,0,0,1,0,0,0,0,0,0,0,0,274,769
"SoilGrids_Soil organic carbon density.csv",276,13,102,0,0,0,0,0,0,2,0,0,0,0,0,1,0,0,0,169,742,106,0,0,0,1,0,8,0,10,10,0,0,0,0,0,3,0,0,0,0,0,0,0,2,285,770
"SoilGrids_Soil_organic_carbon_content.csv",226,17,102,0,0,2,2,0,0,8,0,0,0,0,0,1,0,0,0,128,817,74,0,0,0,0,0,1,0,2,9,0,2,0,0,0,0,0,0,0,0,0,0,0,0,237,872
"SoilGrids_Soil_organic_carbon_density.csv",164,34,141,0,2,1,2,0,2,12,0,0,0,0,0,2,0,0,2,188,831,187,0,0,0,1,0,1,0,8,9,0,0,1,0,0,3,0,0,2,0,0,0,0,2,337,568
"SoilGrids_Soil_organic_carbon_stock.csv",192,19,96,0,0,4,2,0,1,5,0,0,0,0,0,0,0,0,0,74,897,81,2,1,0,0,0,1,0,3,27,1,2,0,0,0,1,0,0,0,0,0,0,0,0,226,865
"Solar_insolation_spring.csv",310,17,95,0,0,0,0,0,0,6,0,0,0,0,0,0,0,0,0,144,616,160,0,0,0,2,0,7,0,11,15,0,3,0,0,0,1,0,0,0,0,0,0,0,2,340,771
"Solar_insolation_summer.csv",240,15,103,0,1,1,1,0,6,16,0,0,0,0,0,1,0,0,2,119,859,117,0,0,0,0,0,1,0,7,15,0,3,0,0,0,4,0,0,0,0,0,0,0,0,259,730
"SRTM_Elevation.csv",241,21,85,0,1,0,3,0,2,10,2,0,0,0,0,0,0,0,0,79,957,145,1,0,0,0,0,1,0,5,12,1,2,0,0,0,3,0,0,0,0,0,0,0,0,232,697
"TCI_Spring.csv",247,24,140,0,5,4,1,0,3,8,0,0,0,0,0,0,0,0,0,60,578,106,0,0,0,0,0,0,0,6,22,0,2,0,0,0,5,0,0,0,0,0,0,0,2,446,841
"TCI_Summer.csv",204,11,90,0,0,4,3,0,4,7,0,0,0,0,0,0,0,0,0,167,955,72,0,0,0,0,0,0,0,4,22,0,2,0,0,0,0,0,0,0,0,0,0,0,0,229,726
"UV_index_spring.csv",171,20,129,0,2,0,3,0,0,4,0,0,0,0,0,0,0,0,0,43,855,78,1,0,0,4,0,0,0,2,16,0,0,0,0,0,1,0,0,0,0,0,0,0,3,229,939
"UV_index_Summer.csv",184,34,173,0,2,1,5,0,3,10,0,0,0,0,0,0,0,0,0,169,765,50,0,0,0,2,0,1,0,0,13,0,1,1,0,0,4,0,0,0,0,0,0,0,6,266,810
"VCI_Spring.csv",435,33,169,0,2,0,5,0,2,6,0,0,0,0,1,0,0,0,0,68,757,111,2,0,0,1,0,2,0,5,15,0,2,0,0,0,1,0,0,0,0,3,0,0,0,186,694
"VCI_Summer.csv",414,39,132,0,2,3,3,0,0,1,0,0,0,0,0,0,0,0,0,66,822,97,3,0,0,1,0,2,0,5,14,0,3,0,0,0,0,0,0,0,0,3,0,0,0,207,683
"VHI_Spring.csv",241,15,99,0,0,3,4,0,3,11,0,0,0,0,0,0,0,0,0,65,884,139,2,0,0,0,0,1,0,4,15,0,1,1,0,0,4,0,0,0,0,0,0,0,1,263,744
"VHI_Summer.csv",353,20,156,0,6,2,1,0,2,7,0,0,0,0,0,0,1,0,0,83,681,186,1,0,0,4,0,4,1,4,19,0,4,1,0,0,0,0,0,0,0,1,0,0,2,236,725
"Water_equivalent_anomaly_summer.csv",250,18,84,0,1,0,4,0,4,3,0,0,0,0,0,2,0,0,0,99,1008,149,0,0,0,1,0,1,2,2,14,0,1,0,0,0,0,2,0,0,0,0,0,0,0,167,688
"WaterDepletionCat_WG3.csv",156,12,130,0,1,0,6,0,3,9,0,0,0,0,0,0,0,0,0,96,867,183,6,0,0,0,0,0,0,8,14,0,7,0,0,0,1,0,0,0,0,0,0,0,0,213,788
"WB_DIF.csv",154,25,146,0,10,5,2,0,0,22,0,0,0,0,0,4,0,0,0,158,728,142,0,0,0,2,0,1,0,1,20,0,3,0,4,0,2,0,0,0,0,5,0,0,0,232,834
"WB_DNI.csv",217,19,139,0,1,4,3,0,6,5,0,0,0,0,0,0,0,1,2,95,837,131,0,0,0,1,0,0,0,5,21,0,1,0,0,0,3,0,0,0,0,0,0,0,0,325,684
"WB_ELE.csv",228,17,93,0,1,0,1,0,0,10,2,0,0,0,0,0,0,0,0,95,941,146,1,0,0,2,0,1,0,5,10,1,2,0,0,0,3,0,0,0,0,0,0,0,0,228,713
"WB_GHI.csv",228,21,86,0,1,0,1,0,0,7,0,0,0,0,0,0,0,0,0,111,887,74,0,0,0,0,0,1,0,1,10,0,5,0,0,0,1,0,0,0,0,0,0,0,0,228,838
"WB_GTI.csv",220,21,119,0,0,3,2,0,0,5,0,0,0,0,0,0,0,0,2,113,780,124,0,0,0,0,0,1,0,2,14,0,1,0,0,0,0,0,0,0,0,0,0,0,0,270,823
"WB_OPTA.csv",235,16,89,0,0,0,3,0,0,5,0,0,0,0,0,0,0,0,0,102,806,29,0,0,0,0,0,1,0,4,13,0,2,0,0,0,0,0,0,0,0,0,0,0,0,266,929
"WB_PVOUT.csv",228,24,132,0,0,4,4,0,6,5,0,0,0,0,0,0,0,0,2,69,812,151,0,0,0,0,0,0,0,2,25,0,2,0,0,0,2,0,0,0,0,0,0,0,0,303,729
"WB_TEMP.csv",206,19,110,0,0,0,2,0,0,13,0,0,0,0,0,1,0,0,0,134,840,45,1,0,0,0,0,1,0,8,13,0,4,0,0,0,2,0,0,0,0,0,0,0,0,240,861
"WC2_Average_temperature_spring.csv",225,9,74,0,1,2,3,0,0,9,0,0,1,0,0,0,0,0,0,111,905,23,1,0,0,0,0,2,0,2,15,0,0,0,0,0,2,0,0,0,0,0,0,0,0,213,902
"WC2_Average_temperature_summer.csv",139,29,152,0,1,0,1,0,2,12,2,0,0,0,0,1,0,0,0,128,1018,178,3,0,0,2,0,0,0,4,25,0,3,0,0,0,4,0,0,0,0,1,0,0,0,285,510
"WC2_BIO1.csv",215,9,90,0,2,2,4,0,0,19,0,0,1,0,0,0,0,0,0,113,870,29,2,0,0,0,0,2,0,3,21,0,1,0,0,0,2,0,0,0,0,0,0,0,0,206,909
"WC2_BIO10.csv",192,18,118,0,1,0,1,0,2,12,2,0,0,0,0,0,0,0,0,90,1005,147,2,0,0,1,0,0,0,5,11,1,2,0,0,0,4,0,0,0,0,1,0,0,0,250,635
"WC2_BIO11.csv",215,13,75,0,1,2,3,0,0,12,0,0,1,0,0,0,0,0,0,84,901,31,2,0,0,0,0,2,0,1,22,0,0,0,0,0,0,0,0,0,0,0,0,0,0,188,947
"WC2_BIO12.csv",286,26,159,0,0,0,1,0,0,5,0,0,1,0,0,0,0,0,0,43,865,153,1,0,0,1,0,0,0,3,11,0,0,0,0,0,7,0,0,0,0,1,0,0,0,215,722
"WC2_BIO13.csv",170,17,95,0,0,0,2,0,4,6,0,0,0,0,0,0,0,0,0,41,1104,130,4,0,0,0,0,0,0,7,18,0,8,2,0,0,5,0,0,0,0,0,0,0,0,326,561
"WC2_BIO14.csv",219,13,115,0,2,1,1,0,1,9,0,0,0,0,0,0,0,0,0,121,791,185,1,0,0,0,0,1,0,1,20,0,5,0,0,0,2,0,0,0,0,1,0,0,0,190,821
"WC2_BIO15.csv",374,31,162,0,4,4,1,0,4,6,0,0,0,0,0,0,0,0,1,73,695,111,0,0,0,1,0,0,0,3,29,0,6,0,4,0,0,0,0,0,0,0,0,0,0,366,625
"WC2_BIO16.csv",207,9,87,0,0,0,3,0,4,8,0,0,0,0,0,1,0,0,0,37,942,157,4,0,0,0,0,0,0,8,20,0,8,0,0,0,7,0,0,0,0,0,0,0,0,317,681
"WC2_BIO17.csv",216,10,109,0,4,2,1,0,1,12,0,0,0,0,0,0,0,0,0,128,792,172,1,0,0,0,0,1,0,1,14,0,6,0,0,0,1,0,0,0,0,1,0,0,0,205,823
"WC2_BIO18.csv",212,7,94,0,0,1,3,0,1,6,0,0,0,0,0,2,0,0,0,94,872,162,5,0,0,1,0,2,0,3,17,0,2,0,0,0,2,0,0,0,0,0,0,0,2,254,758
"WC2_BIO19.csv",278,34,204,0,1,4,3,0,5,11,0,0,0,0,0,0,0,0,0,119,676,133,1,0,0,0,0,0,0,2,7,0,3,1,0,0,3,0,0,0,0,0,0,0,0,157,858
"WC2_BIO2.csv",194,29,119,0,0,0,2,0,0,3,0,0,0,0,0,0,0,0,0,144,766,129,3,0,0,2,0,0,0,10,16,0,3,0,0,0,6,0,0,0,0,0,0,0,1,322,751
"WC2_BIO3.csv",248,33,154,0,1,0,2,0,1,6,0,0,0,0,0,0,0,0,0,124,787,90,0,0,0,0,0,0,0,2,12,0,4,0,0,0,3,0,0,0,0,0,0,0,1,277,755
"WC2_BIO4.csv",222,22,136,0,1,0,3,0,0,6,0,0,0,0,0,0,0,0,0,41,881,87,1,0,0,2,0,1,0,2,16,0,1,0,0,0,0,0,0,0,0,0,0,0,0,222,856
"WC2_BIO5.csv",227,26,112,0,0,0,0,0,0,10,0,0,0,0,0,0,0,0,0,74,949,118,2,0,0,0,0,3,0,7,14,1,1,0,0,0,4,0,0,0,0,0,0,0,0,216,736
"WC2_BIO6.csv",219,19,96,0,2,2,3,0,0,13,0,0,1,0,0,0,0,0,0,101,838,47,4,0,0,0,0,1,0,5,21,0,0,0,0,0,3,0,0,0,0,0,0,0,0,213,912
"WC2_BIO7.csv",195,27,136,0,3,0,3,0,0,9,0,0,0,0,0,0,0,0,0,43,884,86,4,0,0,2,0,0,0,5,22,0,1,0,0,0,1,0,0,0,0,0,0,0,0,193,886
"WC2_BIO8.csv",183,19,124,0,1,0,2,0,2,8,0,0,0,1,0,0,0,0,0,141,867,134,1,0,0,1,0,1,0,4,14,0,4,0,0,0,4,0,0,0,0,1,0,0,0,274,714
"WC2_BIO9.csv",211,20,95,0,2,2,3,0,0,11,0,0,1,0,0,0,0,0,0,79,875,45,4,0,0,0,0,2,0,5,24,0,0,0,0,0,1,0,0,0,0,0,0,0,0,192,928
"WC2_Elevation.csv",208,20,117,0,1,0,1,0,2,8,2,0,0,0,0,0,0,0,0,89,932,178,1,0,0,2,0,0,0,5,12,1,2,0,0,0,3,0,0,0,0,0,0,0,0,249,667
"WC2_Pre_spring.csv",191,8,92,0,2,1,2,0,1,2,0,0,0,0,0,0,0,0,0,57,849,190,1,0,0,1,0,1,0,3,15,0,2,0,0,0,6,0,0,2,1,1,0,0,0,245,827
"WC2_Pre_summer.csv",194,12,116,0,0,1,2,0,4,10,0,0,1,0,0,1,0,0,0,66,876,188,6,0,0,0,0,0,0,3,31,0,6,0,0,0,6,0,0,0,0,0,0,0,1,255,721
"WC2_Solar_radiation_spring.csv",201,16,102,0,3,3,3,0,2,17,0,0,0,0,0,0,0,0,0,189,790,144,0,0,0,0,0,2,0,7,22,0,0,0,0,0,4,0,0,0,0,0,0,0,0,196,799
"WC2_Solar_radiation_summer.csv",182,17,89,0,0,2,0,0,1,7,0,0,0,0,0,0,0,0,0,109,962,85,1,0,0,0,0,0,0,7,18,0,2,0,0,0,4,0,0,0,0,0,0,0,0,344,670
"WC2_Tmax_spring.csv",231,8,73,0,1,2,3,0,0,10,0,0,1,0,0,0,0,0,0,99,897,33,0,0,0,0,0,2,0,5,13,0,1,0,0,0,3,0,0,0,0,1,0,0,0,220,897
"WC2_Tmax_summer.csv",135,29,150,0,1,0,1,0,2,6,0,0,0,0,0,1,0,0,0,272,980,158,1,0,0,1,0,0,0,4,27,0,3,0,0,0,3,0,0,0,0,3,0,0,1,275,447
"WC2_Tmin_spring.csv",209,9,80,0,1,2,3,0,0,9,0,0,1,0,0,0,0,0,0,138,869,44,2,0,0,0,0,1,0,2,16,0,1,0,0,0,2,0,0,0,0,0,0,0,0,222,889
"WC2_Tmin_summer.csv",189,25,127,0,1,2,1,0,3,12,2,0,0,2,0,0,0,0,0,103,963,161,2,0,0,2,0,0,0,2,17,0,3,0,0,0,4,0,0,0,0,1,0,0,0,276,602
"WC2_Water_vapor_pressure_spring.csv",224,15,96,0,1,0,2,0,0,10,0,0,0,0,0,0,0,0,0,111,888,29,0,0,0,0,0,1,0,6,21,0,5,0,0,0,2,0,0,0,0,0,0,0,0,231,858
"WC2_Water_vapor_pressure_summer.csv",257,22,97,0,0,0,0,0,0,8,2,0,0,0,0,0,0,0,0,86,976,108,1,0,0,1,0,1,0,5,12,1,2,0,0,0,2,0,0,0,0,0,0,0,0,219,700
